Name,Gender
Leeonora'E,0
Mbalu,0
Baldwin,1
Braven,1
Semeko,0
Laquincy,1
Cadrian,0
Kendriana,0
Anaily,0
Ullysius,1
Estilla,0
Areina,0
Natalizia,0
Darrent,1
Ingabourg,0
Deisel,1
Margot,1
Matheus,1
Annaleya,0
Terenna,0
Latesha,0
Kellee-Anne,0
Ernst-Heinrich,1
Keshay,0
Lacory,1
Kehinde,1
Dahmari,1
Godrick,1
Lavall,1
Lashayna,0
Teigan,1
Ryell,1
Artan,1
Shieeka,0
Janaia,0
Deundre,1
Deriyah,0
Lillieana,0
Lavonne,0
Vigo,1
Ty-Jay,1
Gary,1
Bryhanna,0
Cainan,1
Aydann,1
Tarone,1
Brence,1
Jamillia,0
Ambor,0
Kennell,1
Temetria,0
Selyna,0
Lurley,0
Kaimere,1
Cristy,1
Alysiah,0
Para,0
Ramanpreet,0
Pille,0
Yasmine,1
Josiah,1
Tehra,0
Ardine,1
Raeqwon,1
Ladereon,1
Litsa,1
Armir,1
Konda,0
Zannie,0
Chalino,1
Mutiara,0
Yatish,1
Khayse,1
Saharsh,1
Versia,0
Gerarad,1
Darry-Lisa,0
Indi,1
Tatiyana,0
Sasha-Leigh,0
Erenst,1
Amida,0
Gwendoline,0
Shilo,1
Zamariah,0
Myrian,0
Declain,1
Adisan,1
Bariah,0
Avraham,1
Kyreese,1
Jalesa,0
Heath-John,1
Kyari,0
Nosheen,0
Lacci,0
Liana-Jane,0
Kirralea,0
Ayatt,0
Ella-Jade,0
Shavna,0
Orilla,0
Shamima,0
Capers,1
Audreana,0
Daniele-Carlo,1
Wilan,1
Adriene,0
Gerade,1
Avaeah,0
Demi-Rose,0
Pashun,0
Azri,1
Zimu,1
Robbinson,1
Yohanan,1
Waiz,1
Marc-Anthonie,1
Plousia,0
Tahya,0
Kavinkumar,1
Jalan,1
Philander,1
Quintion,1
Revndrshing,1
Umbaldo,1
Haelee,0
Ivka,0
Karsin,0
Lettice,0
Rosaalba,0
Demarius,1
Karmil,0
Gicell,0
Kenzlyn,0
Sunmukh,1
Emmelie,0
Anstey,1
Joshau,1
Sotaj,1
Mariusz,1
Romel,1
Temple,1
Kameela,0
Gerita,0
Geddy,1
Dalibor,1
Danni-Lee,0
Gurmehar,0
Brishawn,1
Breandan,1
Moukny,1
Jonta,0
Desiray,0
Nobert,1
Elger,1
Jabarie,1
Samiko,0
Hason,1
Rivera,0
Denylah,0
Thimitrios,1
Heysen,1
Witaliy,1
Adari,1
Joset,1
Alaysia,0
Konye,1
Taylorjo,0
Atro,1
Ranbo,1
Saviour,0
Keely,1
Kiamora,0
Shakena,0
Nashari,0
Llayton,1
Toussaint,1
Azenet,0
Townson,1
Dieon,1
Adamm,1
Jonell,1
Chanity,0
Jakavian,1
Naithyn,1
Benje,1
Charrell,0
Melecio,1
Katron,1
Trahe,1
Joanann,0
Germani,1
Dolree,1
Miyo,0
Tresor,1
Juvon,1
Raynold,1
Madi,0
Cuthbert,1
Shaivi,0
Adlena,0
Erneshia,0
Vasil,1
Gulten,0
Whitson,1
Jaimii-Lee,0
Bonn,1
Nasr,1
Jhun,1
Shoshawna,0
Tannim,1
Soniah,0
Fortunato,1
Nadim,1
Nayela,0
Taylour,0
Thailer,1
Mikyia,0
Keshauna,0
Aarren,1
Addesyn,0
Shamichael,0
Shrikumaran,1
Clare,0
Malisia,0
Shivai,1
Oc,1
Ramkhilawan,1
Devki,0
Bunny,1
Fidella,0
Bardo,1
Oreoluwa,0
Diaan,1
Tashelle,0
Lavare,1
Eufracio,1
Hoc-Duy,0
Eliott,1
Jomel,1
Amiyka,0
Tamaki,0
Tinette,0
Cordelia,0
Cortlyn,1
Rimsha,0
Elrey,1
Tillian,1
Greagory,1
Leedon,1
Tennasyn,0
Art,1
Zonnetje,0
Griffen,1
Nubian,0
Ignasio,1
Makea,0
Ragen,0
Azahel,1
Jamont,1
Stehpanie,0
Tiffiani,0
Jewellee,0
Tannie,1
Meara,0
Gurtegh,1
Ajwan,0
Rupanuga,1
Dushka,0
Sundown,0
Taimoor,1
Kiera-Jae,0
Ikale,1
Corah,0
Hulen,1
Molly,1
Flaura,0
Darrek,1
Cheney,1
Anna-Karina,0
Apostilitis,1
Moise,1
Persefoni,0
Jasiel,1
Lambis,1
Sara-Jayne,0
Damaiah,0
Chander,0
Roda,0
Danyal,1
Mijoy,0
Rolf,1
Debraca,0
Shantrelle,0
Bhavneet,0
Malesha,0
Vasiley,1
Willamina,0
Ashaud,1
Posy,0
Zaleyah,0
Virion,1
Tysheim,1
Menley,0
Annel,0
Kandia,0
Damitri,1
Rebeca-Louise,0
Tatanishia,0
Aashman,1
Ludwik,1
Hikma,0
Prynne,0
Tariyah,0
Tiffeney,0
Panayiotis,1
Malayja,0
Marquian,1
Sherrey,0
Presila,0
Minh-Cuong,1
Kyia,1
Cheresa,0
Nickayla,0
Dennys,1
Kio,1
Jahkia,0
Dianelly,0
Mohit,1
Plina,0
Karibe,1
Vishaka,1
Jessie-Anne,0
Torstein,1
Sudhanshu,1
Vanisa,0
Kelsy,1
Kasir,1
Tyras,1
Zuri,1
Hayden,1
Lawona,0
Therese-Lee,0
Shanquan,1
Shahida,0
Suyai,0
Somkid,1
Sohil,1
Aransha,1
Nikkolaus,1
Effiemia,0
Chimere,1
Jahmarion,1
Corugina,0
Nekki,0
Aydin,1
Lindy,1
Analei,0
Shekayla,0
Aeronwen,0
Dashel,1
Tayvin,0
Marijo,1
Kuntesh,0
Brouc,0
Frankey,1
Aylamae,0
Vicha,1
Rashina,0
Reginaldo,1
Schyler,0
Zafirios,1
Tamare,0
Austen,1
Dandrell,1
Gerette,0
Patti,1
Jocoby,1
Eudora,0
Laren,0
Minh-Hiep-Tom,1
Alaniz,0
Sinaa,0
Rodnesha,0
Emiljano,1
Ridlee,0
Vyaas,1
Maksood,1
Keyeria,0
Cody-Steven,1
Constantinos-Nectarios,1
Normandy,0
Darlinda,0
Shanetta,0
Khac-Trung,1
Luiza,1
Kamrynne,0
Aude,0
Mannat,0
Eoin,1
Kegan-Mark,1
Caseylynn,0
Prithika,0
Croy,1
Haeyley,0
Gona,0
Akiem,1
Tyrius,1
Taknisha,0
Lieselotte,0
Donivee,0
Latryce,0
Yenul,1
Niomie,0
Jomarion,1
Azya,0
Favion,1
Valenzio,1
Collen,1
Shobharam,1
Amandine,0
Gene,1
Qiyuan,1
X'Zavier,1
Renda,0
Wynter,0
Kipp,0
Ash,0
Kaio,1
Nyjah,0
Aros,1
Royce,0
Miquela,0
Khine,1
Taminka,0
Tiaria,0
Lisvet,0
Taylesha,0
Aysh,1
Dezlyn,0
Quienton,1
Jadeline,0
Evalina,0
Embri,0
Annalou,0
Andrel,0
Mahbub,1
Arth,1
Antuco,1
Jolianna,0
Agamveer,1
Prokopi,1
Leanza,0
Brijnandan,1
Meyers,1
Nevins,1
Raffy,1
Beau-Regard,1
Hadin,0
Dagon,1
Pierce,1
Umayma,0
Mahanbir,1
Eviiyah,0
Marcon,1
Jelisha,0
Kiasha,0
Ivyn,1
Ahmadou,1
Akyra,0
Gavriel,1
Augustis,1
Kamdynn,1
Natajia,0
Daryl,0
Brittanee-Teneille,0
Mariposa,0
Nicholes,1
Adeana,0
Mussa,1
Bermuda,0
Rahmir,1
Nuria,0
Xylar,1
Alycea,0
Nareen,0
Quaterius,1
Tiffany-Kynn,1
Genesio,1
Berklee,1
Kimbal,0
Rhyss,1
Khori,1
Froy,1
Lavere,1
Logeshwari,0
Morlene,0
Quaadir,1
Suhaily,0
Vikas,1
Valin,0
Shamonte,1
Nauman,1
Borden,1
Ziyaad,1
Afshana,0
Larri,0
Umandeep,0
Jacoby,0
Neon,1
Davionna,0
Gillard,1
Jada,1
Ayse,0
Shineka,0
Mykhi,1
Oleand,1
Nuel,1
Jag,1
Beris,0
Tarkyn,1
Savka,0
Rarity,0
Murnie,0
Kywon,1
Kivan,1
Yarira,0
Kriz,1
Denghus,1
Slawko,1
Karneisha,0
Zeiden,1
Emer,0
Serge,1
Hiroto,1
Shobhana,0
Gyanwati,1
Dalenna,0
Eulalio,1
Konstantina,0
Natalia-Stanislawa,0
Rujelyn,0
Eszter,0
Atasia,0
Arleen,1
Deniro,1
Dexter,1
Yohandri,1
Jaysan,1
Madaleno,1
Lesleigh,1
Humzah,1
Stanley,1
Nettina,0
Gibert,1
Gillianne,0
Braisen,1
Jiovonni,1
Danield,1
Sheshe,0
Hitanshu,1
Fon,1
Marquez,1
Thomara,0
Anatoliy,1
Bhuvika,0
Karlika,0
Jionna,0
Anneeka,0
Wayan,1
Juilianna,0
Nasjah,0
Dary,1
Lachyna,0
Janyne,0
Taishia,0
Sarwitavm,0
Gracelee,0
Amarya,0
Hildred,1
Bibek,1
Raheela,0
Jarimiah,1
Keiji,1
Halie,0
Keunta,1
Sachit,1
Munny,0
Kyniah,0
Keydren,1
Omjone,1
Althia,0
Deyvon,1
Deshanda,0
Reuban,1
Antonin,1
Quishawn,1
Bennie,1
Nangyal,1
Maydene,0
Winter,1
Michaelangel,1
Shivji,1
Laquita,0
Doniece,0
Yohana,0
Ibette,0
Edsell,1
Nikte,0
Sopourn,0
Jonus,1
Gerleila,0
Yanisley,0
Aleksandar-Lazar,1
Quindilio,1
Kulbhushan,1
Rakee,1
Pattye,0
Kolson,1
Carlton,1
Miloslava,0
Upasna,0
Laderion,1
Betzabeth,0
Chinda,0
Tullis,1
Twanna,0
Sharokh,1
Lorren,1
Alyena,0
Deborah-Ann,0
Jarlyn,0
Letisia,0
Reylin,1
Shadon,0
Sovathia,0
Zykeia,0
Aliza-Joy,0
Sly,1
Cabot,1
Sary,1
Nepia,1
Kestin,1
Lamayia,0
Abry,0
Tiera,0
Markell,1
Sayuri,0
Leesah,0
Annilyse,0
Albany,1
Dhruv,1
Shou,1
Abigayle,1
Jamaal,1
Markku,1
Edna,1
Ashtan,1
Adham,1
Cajuan,1
Jayvee,1
Malak,1
Maansi,0
Damaurion,1
Kha,0
Saundre,1
Elara,0
Carmel,0
Aulia,0
Missouria,0
Minhquan,1
Manijah,0
Enso,1
Danaria,0
Mely,0
Sukhraj,1
Dantel,1
Lillieanne,0
Benjamin-James,1
Ela,0
Nissie,0
Phyliss,0
Shannara,0
Sarin,0
Layller,0
Abygayle,0
Neyah,0
Charneka,0
Hareem,1
Jaharri,1
Ahin,0
Jedde,1
Shondelle,0
Sayali,0
Natilea,0
Lorida,0
Jerod,1
Finley,1
Keyonnie,0
Anokha,1
Lashaunti,0
Shamaila,0
Anjellica,0
Spiggy,1
Hettie,0
Anna-Grace,0
Kaikea,1
Carleton,1
Laurie,1
Ku,1
Janier,1
Irielle,0
Genene,0
Johnathon,1
Ibarhim,1
Korin,1
Houstyn,0
Keshon,1
Laqwan,1
Maysen,1
Edy,1
Lauri,0
Maddison,0
Chabria,0
Hanniel,1
Niloofar,0
Booth,1
Rock,1
Fengshun,1
Shaden,0
Krithvik,1
Kusi,1
Maranatha,0
Khylin,1
Koleen,0
Braetin,1
Mostafa,1
Awel,0
Valo,1
Grete,0
Hickman,1
Vedansh,1
Yelina,0
Roll,1
Tuan-Tai-Andy,1
Malise,0
Damius,1
Tonza,0
Moxley,0
Ellanore,0
Amiela,0
Makailyn,0
Lanisha,0
Sequoria,0
Jubal,1
Lelynd,1
Maejor,1
Aidaly,0
Cotie,1
Dajun,1
Jon-Jacobs,1
Laurae,0
Merce,1
Upali,1
Jenluc,1
Nmachi,0
Celisha,0
Zniya,0
Guilda,0
Nakota,0
Heartlee,0
Darias,1
Sadman,1
Aliziah,0
Irenee,0
Lexanne,0
Marry-Angela,0
Jena,1
Cantrell,1
Yaretzy,0
Yiran,1
Stiven,1
Dmichael,1
Rushabh,1
Davyen,1
Harprit,0
Bhagwati,1
Canden,1
Sauni,0
Dorie,1
Reiley,1
Reakwon,1
Verle,1
Basibul,1
Kathyann,0
Pushank,1
Kyleeann,0
Djunmili,1
Aris-Michael,1
Ferran,1
Janam,1
Tag,1
Valecia,0
Hannelee,0
Arkin,1
Hather,1
Jaynesha,0
Marleena,0
Logahn,0
Harrys,1
Evlyn,0
Ademola,1
Deitric,1
Waldron,1
Thorene,0
Alleson,0
Cataleena,0
Avnoor,0
Raheim,1
Makenley,0
Jawanda,0
Carr,1
Johncarlos,1
Elaney,0
Rajja,1
Curlee,1
Earlene,1
Dael,0
Dawkins,1
Dayshawn,0
Diing,0
Jaimee,0
Jamayah,1
Artmiss,0
Jonquavious,1
Camisha,0
Nebeyu,1
Jadean,1
Nataliy,0
Jamimma,1
Thanhphong,1
Tiniyah,0
Dondie,0
Janissa,0
Bricelynn,0
Jasson,1
Namarpaul,1
Evrymedeia,0
Banshi,1
Briona,0
Lily-Eun,0
Lealynn,0
Emilyanne,0
Nahni,0
Eadan,0
Chontai,0
Ovey,1
Zaim,1
Rampati,1
Raymundas,1
Onalee,0
Vyninka,0
Hrvoje,1
Yaxeni,0
Kuch-Kon,1
Duffie,1
Jahmel,1
Jhonrev,1
Ianah,0
Aavyn,1
Aidan,1
Shelba,0
Harliv,0
Rosemond,0
Cefelia,1
Shaneia,0
Mohd.Asif,1
Annay,0
Haroldine,0
Jiar,1
Trawn,1
Marzelle,0
Zolton,1
Milen,1
Draedon,1
Treon,1
Ede,0
Cendy,0
Imogin,0
Dracen,1
Elssa,0
Daequarn,1
Brindon,1
Swastik,1
Jorges,1
Magalene,0
Stephaniemarie,0
Gary-Peter,1
Daisylynn,0
Chaly,1
Semisi,1
Demetricus,1
Sanita,0
Fiorela,0
British,1
Sabato,1
Lorrianne,0
Ordie,0
Donta,1
Joleene,0
Odelle,0
Santhiago,1
Chadrick,1
Odelle,1
Gulsum,0
Kham,0
Khory,1
Conor,1
Windle,1
Shikari,0
Dazja,0
Jarius,1
Khiala,0
Shea-Lee,0
Grayston,1
Zabian,1
Joe-Roy,1
Rubi-Rose,0
Rekiah,0
Shawn-Joshua,1
Themis,0
Bryre,1
Michelee,0
Khylan,1
Abulfadal,1
Treva,1
Cyndelle,0
Taneasha,0
Ronyae,0
Marquietta,0
Abdelrahman,1
Sahishnu,1
Kevonn,1
Calaeb,1
Veree,0
Renezmay,0
Mykala,0
Keyundra,0
Maudrey,0
Huxley,1
Ashtonn,1
Merolla,0
Prakav,1
Tayah,0
Reedwan,1
Brandan,0
Rosibel,0
Dorrine,0
Rushvi,0
Saliym,1
Asia-Li,0
Zuveb,1
Yosmar,1
Pascoe,1
Andonio,1
Kaydan,1
Idrees,1
Obol,1
Heard,1
Javareon,1
Hetja,0
Laronna,0
Deanne,1
Lynice,0
Lateasa,0
Jaidence,0
Essance,0
Brione,0
Kamli,0
Arihan,1
Kristoph,1
Jaraad,1
Keadrian,1
Xzavia,0
Jamiracle,0
Love,1
Elisia,0
Zaysean,1
Aryaan,1
Sherzad,1
Jonahtan,1
Kcee,0
Xailey,0
Catosha,0
Nalen,1
Akzel,1
Jordyn-Lily,0
Rieesa,0
Daundre,1
Dewarren,1
Jalontae,1
Lindley,0
Dashton,1
Antanae,0
Brexton,1
Tyquis,1
Cassandria,0
Rosaland,0
Vasken,1
Kohlson,1
Dini,1
Kelaya,0
Antwoin,1
Setth,1
Coraly,0
Shaquandria,0
Agisilaos,1
Hay,1
Gajender,1
Altaf,1
Jaquarrius,1
Shakel,1
Ukari,0
Sereace,0
Tarita,0
Ajak,1
Merribeth,0
Zebb,1
Isobell,0
Lorisha,0
Dellancy,0
Epifanio,1
Aleciram,0
Eroni,1
Rilley,1
Meloni,0
Dannett,0
Deaudre,1
Shin,1
Shaely,0
Shayne,0
Kayly,0
Tiane,0
Tatania,0
Tessa-May,0
Benhamin,1
Satyvrat,1
Aavion,1
Whittney,1
Breze,0
Tampatha,0
Haidy-Ruth,0
Jesudas,1
Simora,0
Tahisha,0
Kanaiyah,0
Nello,1
Adesha,0
Sharyl,0
Tychell,0
Atsuko,0
Mayen,1
Lorella,0
Upton,1
Kylan,0
Shannel,0
Yaleyza,0
Brimley,0
Tahliesen-Matthew,1
Florentina,0
Annalisa,0
Dejshan,1
Trajon,1
Kathlena,0
Nejan,1
Seriya,0
Jespa,1
Gensingh,1
Lauralie,0
Maston,1
Munro,1
Kaaren,1
Tamakia,0
Saibeth,0
Soo,1
Joyclyn,0
Quan,0
Gori,0
Reyne,1
Mithouna,0
Kyliah,0
Shakielle,1
Jabriya,0
Zakira,0
Praveen,0
Herik,1
Peneloperose,0
Joseluiz,1
Graecyn,0
Jessical,0
Dellan,1
Reubena,0
Treg,1
Yukiko,0
Deloras,0
Vyizigiro,1
Justinian,1
Serafima,0
Angelgabriel,1
Nou,1
Blandon,1
Riel,0
Grpreet,0
Shina,0
Tehbyn,1
Devasheeh,1
Keantay,1
Lolav,0
Ianoula,0
Bao-Loc,1
Neuton,1
Karisha,0
Carry,1
Yarelis,0
Davnet,0
Alissa,0
Maheer,1
Kyla-Renae,0
Lori-Amelia,0
Parerna,0
Sukhmun,1
Jabary,1
Mikelann,0
Zakayla,0
Tifiny,0
Grazicella,0
Chase-Lee,1
Nickales,1
Jamacia,0
Floretta,0
Treshaun,1
Oria,1
Tina,0
Tysheen,1
Asia,0
Sovann,1
Salesi,1
Shalisia,0
Elinna,0
Iputu,1
Bernardyn,1
Nathanel,1
Latoyo,0
Jep,1
Umar,1
Panayot,1
Daysia,0
Behr,1
Mahli,1
Safiyya,0
Gaveerdeep,1
Landon,1
Yuning,0
Raziel,1
Grayer,1
Mars,1
Hakel,0
Aksel,1
Hikaru,1
Euphoria,0
Hub,1
Decks,1
Danamarie,0
Davaney,0
Arbella,0
Tavyn,0
Samraj,1
Phoebe-Lee,0
Tolisha,0
Laikin,0
Tylenn,1
Ady,1
Gissel,0
Rahmel,1
Qasem,1
Kyetrel,1
Traveyon,1
Vedder,1
Helenann,0
Cornealius,1
Ashim,1
Mariali,0
Maklyn,0
Vireak,1
Retage,0
Solal,1
Oley,1
Angad,1
Kimblyn,0
Twain,1
Jia,1
Chedrick,1
Laykin,0
Waitman,1
Shareka,0
Arvin,1
Sepanta,1
Kyzer,1
Elenamarie,0
Merystea,0
Oluwatoyin,0
Yahaida,0
Luren,1
Aaleeya,0
Annaelizabeth,0
Ermer,0
Adelee,0
Wajeeha,0
Jaliek,1
Mekye,1
Zikomo,1
Mollyann,0
Sarah-Jayme,0
Krisslyn,0
Dearies,1
Tyvone,1
Jasrit,0
Nyr,0
Lovonia,0
Giannamarie,0
Olufunke,0
Britinee,0
Tymeria,0
Darie,0
Zenon,1
Shiala,0
Torrell,1
Amalio,1
Josie-Helena,0
Arseniye,1
Javuneesha,0
Oscardaniel,1
Catcher,1
Xyion,0
Marious,1
Vincentas,1
Melissia,0
Youseph,1
Sara-Angela,0
Laycee,0
Joelyn,0
Reenee,0
Marrek,1
Tilmer,1
Denver,1
Matiana,0
Arles,0
Denasia,0
Acaysha,0
Jenascia,0
Sinai,1
Brenton-Robert,1
Luecinda,0
Malinna,0
Winfred,1
Kinsli,0
Briante,0
Saralynn,0
Jaliah,1
Alakx,1
Dusanka,0
Roxena,0
Dagen,1
Estefani,1
Gonul,0
Andriya,1
Inderjit,0
Keyshla,0
Freeda,0
Paulene,0
Atrell,1
Markeece,1
Barkot,1
Hiltje,0
Vasiliky,0
Mianda,0
Zainaldeen,1
Sheila-Jean,0
Dorren,0
Khyle,1
Bryann,1
Sheri-Lynn,0
Skyrah,0
Arwin,1
Kasharna,0
Ignac,1
Demontra,1
Tariq,0
Dineth,1
Brodderick,1
Leal,0
St,1
Quillen,1
Laveah,0
Brittoney,0
Shann,0
Callena,0
Delories,0
Fermin,1
Benjerman,1
Denzil,0
Jazmariah,0
Alleya,0
Yeili,0
Cleta,0
Emmett,1
Kundainashe,0
Mckennon,1
Samzon,1
Zakeriah,1
Jaysson,1
Tejvir,1
Dhane,1
Masih,1
Esac,1
Seiya,1
Yaniel,1
Aleathia,0
Baie,0
Mohabbat,1
Cassandrea,0
Mavrik,1
Quatavius,1
Zylis,1
Jezy,1
Mcauther,1
Rakai,1
Nihith,1
Kundi,1
Keylan,1
Samantha-Marie,0
Boriss,1
Mirnes,1
Rashamel,1
Berseen,0
Torston,1
Sevak,1
Armida,0
Zuriel,0
Antuan,1
Tahiya,0
Angong,1
Navarh,1
Leandros,1
Navithu,1
Antwaun,0
Count,1
Lea'Roy,1
Szymon,1
Japnaazdeep,1
Marianah,0
Ashtar,1
Tione,1
Rune,1
Shengjie,0
Corie,1
Georgiah,0
Simon-Peter,1
Reigha,0
Linas,1
Nigiel,1
Munyaradzi,1
Rayeanna,0
Munasar,1
Koewyn,1
Jihoo,0
Klarisa,0
Aliisa,0
Deondrea,1
Shamonda,0
Kemial,1
Jain,0
Virender,1
Santoss,1
Dondra,1
Bemiamino,1
Daishanay,0
Angellea,0
Tarlinga,0
Othon,1
Kailan,1
Kirwin,1
Zaniiya,0
Cristyan,1
Jaysian,1
Sanka,1
Shonteayah,0
Elsa,1
Ethaen,1
Damonee,1
Amrik,0
Crissangel,1
Hastings,1
Jamae,1
Xirena,0
Armanti,1
Lennie,1
Cristopher,1
Larion,1
Doreatha,0
Clausell,1
Makasha-Jayantha,0
Maggie-Rose,0
Noa,0
Chappla,0
Lyndsea,0
Harvin,0
Zaveion,1
Brenice,0
Madra,0
Anna-May,0
Sanra,0
Jhared,1
Adrieana,0
Jubed,1
Trea,1
Chaketa,0
Mandeep,0
Tirren,1
Barilla,1
Kedarius,1
Kortland,1
Keevon,1
Biwa,0
Ki,0
Jarad,1
Amy-Jayne,0
Slim,1
Korii,1
Teya-Lee,0
Aniel,1
Krishina,0
Suezette,0
Rithvin,1
Jelina,0
Patricia-Lee,0
Anoki,1
Iago,1
Giara,0
Ekam,0
Nehlani,0
Kenyce,0
Sallie-Ann,0
Emmitte,1
Dettlef,1
Khamden,1
Lokendra,1
Tashon,1
Ireonna,0
Jhoan,1
Breahnn,0
Bradan,1
Sharvesh,1
Jasyiah,1
Mylon,1
Malya,0
Lorelle,0
Bodyn,1
Adrew,1
Toyin,0
Leequan,1
Mattson,1
Densak,1
Kenosha,0
Hobie,1
Kylin,1
Akenya,0
Sharrae,0
Kodalee,0
Carmynn,0
Tyress,1
Aman,1
Eldar,1
Abbigael,0
Fenja,0
David-John,1
Deaudra,0
Weslee,1
Maria-Mandy-Antoninetta,0
Merlon,1
Jenaro,1
Delynda,0
Iness,0
Jakiara,0
Pilot,1
Makye,1
Marja,0
Fionn,0
Bakhiet,1
Vicenta,0
Tieshka,0
Jahkye,1
Bekki-Lee,0
Geramy,1
Jensiel,1
Deterrius,1
Halton,1
Fowzah,0
Ushneek,0
Deshante,0
Ariech,0
Jayeleen,0
Akia,0
Jedaiah,1
Nikiya,0
Cuma,1
Mattaeus,1
Gamir,1
Marquie,1
Vero,1
Brinlei,0
Korilyn,0
Patricia-Maria,0
Vega,1
Ettalyn,0
Chanlie,1
Tyrae,1
Tahran,1
Oaklyn,0
Jeffie,0
Elisey,1
Takeysha,0
Thies,1
Starbuck,1
Chalsey,0
Standen,1
Mariadelrosari,0
Riti,0
Alero,0
Leahrose,0
Peter-Petar,1
Tinasia,0
Tamaiah,0
Arloween,0
Kenderrick,1
Paris,1
Timothhy,1
Kaycen,0
Firtu,1
Jaece,1
Hodge,1
Jonay,1
Noberto,1
Sukar,1
Barret,1
Ode,1
Tomos,1
Stephanieann,0
Marvie,1
Kelaine,0
Itasca,0
Rosarie,0
Azareel,1
Agapios,1
Macario,1
Tykiera,0
Ryken,0
Yaviel,1
Gerold-Otto,1
Jehovah,1
Arzel,1
Rayen,1
Latrez,1
Paizly,0
Larnell,0
Liesje,0
Chabelli,0
Sulynn,0
Herick,1
Adynn,0
Mariaclara,0
Shaterrika,0
Tyle,1
Phelan,1
Juelz,1
Eudell,1
Maximillien,1
Jamess,1
Dimitrus,1
Aleyse,0
Imogean,0
Taziah,0
Kalaila,0
Zebulen,1
Yanuel,1
Bao,1
Ahniyla,0
Ayyash,1
Anacecilia,0
Kaprice,0
Shavontae,1
Brittany,1
Shanaisha,0
Dewuan,1
Uldrine,0
Teddra,0
Jenni,0
Nydra,0
Navonte,1
Yiovanni,1
Rishvi,0
Melora,0
Jazzmyn,0
Artin,1
Diavian,0
Kerrin,1
Denasha,0
Faedra,0
Stepas,1
Zoah,0
Soufiane,1
Yakub,1
Vasilious,1
Darris,1
Brunhilda,0
Nikeeta,0
Brik,1
Chiyui,0
Nasaiah,1
Dayvonne,1
Tyanni,0
Kandus,0
Villard,1
Jerri-Lee,0
Howden,1
Azaraya,0
Lubertha,0
Limayri,0
Jakhi,1
Derrisha,0
Avenly,0
Talayasia,0
Shawndrea,0
Tarasha,0
Loralie,0
Ceilia,0
Alarina,0
Verenice,0
Jeser,1
Anthory,1
Oluwayemisi,0
Darly,1
Izsabella,0
Dillan,1
Zaykeese,1
Breelin,0
Brizleth,0
Vaadi,1
Keeley-Marie,0
Kharizma,0
Thuy-Vu,0
Charistopher,1
Oaklynd,0
Aleaha,0
Chyenne,1
Srinath,1
Hayven,1
Gryffin,1
Daevian,1
Lafawn,0
Takisha,0
Shaubha,1
Ibukun,0
Zehn,1
Colemon,1
Rotonya,0
Niles,1
Shivaji,1
Philips,1
Miricale,0
Tmeka,0
Ngarpardi,0
Casto,1
Willis,1
Aubrea,0
Thuyvy,0
Louise-Rachele,0
Arky,1
Jehna,0
Charizma,0
Keeana,0
Kiryakos,1
Yannel,0
Omariana,0
Jalini,0
Edher,1
Elery,1
Zenaida,0
Shawnesha,0
Lilliann,0
Tayceon,1
Afiya,0
Jayceonna,0
Pingkawat,1
Blaise,0
Elwen,0
Chelsea-Eliza,0
Merjem,0
Tsambica,0
Therise,0
Hailiey,0
Symora,0
Lawsen,1
Trung-Tinh,1
Dantes,1
Philliph,1
Gualberto,1
Kricia,0
Veah,0
Keyshawn,1
Pemberton,1
Domenico,1
Alexaundria,0
Eddie,0
Iyahna,0
Tian,0
Maanasa,0
Aymen,1
Darle,1
Ghavin,1
Jenter,1
Wenonah,0
Jurrie,1
Vallery,0
Phatlalalo,1
Natalie-Jane,0
Pari,0
Senna,0
Valea,0
Nicklus,1
Dayanna,0
Casidee,0
Jennylynn,0
Deontra,1
Mark-Jacob,1
Gaynor,1
Rasheed,1
Kaybre,0
Neuman,1
Lixin,1
Chick,1
Ivy-Lee,0
Burnes,1
Kyliena,0
Audrey-Rose,0
Ivan,0
Babin,1
Kordelia,0
Kaycee,1
Gabriele,1
Mamtha,0
Midhana,0
To-Nhu,0
Emmali,0
Diether,1
Dannie,1
Ahan,1
Aubery,0
Chalisa,0
Desirey,0
Fazon,1
Ximora,0
Tiria,0
Agigail,0
Rennie,1
Cavett,1
Khamila,0
Koda,0
Alysah-Rose,0
Mineol,1
Maha,0
Fly,0
Hippy,1
Kayllan,1
Amalia,1
Jenniita,0
Panjeani,0
Oladapo,1
Debroh,0
Virginia-Anna,0
Filemon,1
Quaron,1
Daksh,1
Shanka,0
Braya,0
Claudelle,0
Sikender,1
Noorpreet,0
Ladarna,0
Veto,1
Tauna,0
Colwyn,1
Rupert,1
Nyemiah,0
Haroldo,1
Jodh,1
Tateum,0
Jalasia,0
Aloyisius,1
Stefhon,1
Amaurion,1
Darece,1
Rouhana,1
Mayco,1
Ambert,0
Seayong,1
Deijon,1
Shamuel,1
Billee,1
Madaleine,0
Caprichsia,0
Zelko,1
Rhianon,0
Sabeeh,1
Kemar,1
Kyuma,1
Leathie,0
Garrie,0
Lyndall,1
Teegan,1
Meylani,0
Janthony,1
Rimia,0
Tiaka,0
Monzerrad,0
Raffie,0
Mahrianne,0
Faraha,0
Georgeena,0
Fatmah,0
Zuszeth,0
Deloyd,1
Renn,1
Boxi,0
Alvetta,0
Neilpatrick,1
Akyiah,0
Jenavecia,0
N'Ky,1
Alano,1
Arnavi,0
Destiny,0
Joany,1
Je,0
Nasheem,1
Ricky-Karl,1
Zharaya,0
Vayron,1
Laquavius,1
Danyell,0
Neakah,0
Carla-Marie,0
Braithe,1
Naa,0
Orven,1
Jahmiel,1
Nelvina,0
Modie,1
Kishor,1
Decklyn,1
Briana,0
Janiza,0
Nasya,0
Marquin,1
Daryann,0
Felycia,0
Shiobhan,0
Jeyt,1
Lealon,1
Georgina-Faye,0
Kawan,1
Bryar,1
Lerlean,0
Micaila,0
Tychicus,1
Donterious,1
Kyriae,0
Nerick,1
Vronicer,0
Lochlainn,1
Renan,1
Giovanii,1
Irbin,1
Mia-Jaie,0
Huzayl,1
Jadeyn,1
Hao,1
Deepu,0
Mehdi,1
Krishtian,1
Jillyn,0
Tyler-James,1
Timber,0
Nguet,1
Koebyn,1
Brynton,1
Naomy,0
Jabari,1
Uta,0
Bucky,1
Cabren,1
Javan,1
Zriyah,0
Ziyon,1
Record,1
Hiiaka,0
Kamerin,0
Dakodah,1
Karene,0
Clement,1
Bekham,1
Kaien,1
Reia,0
Shankia,0
Nazari,0
Damante,1
Chakara,0
Preciliano,1
Senya,0
Zylia,0
Bernessia,0
Earldean,0
Anilyah,0
Shakeer,1
Lazhane,0
Shamsa,0
Chailyn,0
Purvi,0
Sohana,0
Latarvia,0
Akshith,1
Yaw,1
Ryton,1
Kinlee,0
Keenen,1
Luchiano,1
Syrai,0
Herlinda,0
Kyung,1
Rigoberto,0
Nekia,0
Ekaansh,1
Sveta,1
Missael,1
Traice,1
Reven,0
Reice,1
Ghanem,1
Delana,0
Shilla,0
Ziggy,0
Brookston,1
Sarine,0
Tyquez,1
Thurston,1
Jymere,1
Delsean,1
Estes,1
Sahnnon,1
Carmelo,0
Maxtyn,0
Monterio,1
Paula-Lee,0
Inmaculada,0
Ila,0
Jailon,1
Rashadd,1
Jaquavius,1
Somer,0
Youri,1
Blynn,1
Haskle,1
Khemari,1
Diyora,0
Nastassja,0
Rheydyn,0
Romale,1
Jordan-Thomas,1
Shisupal,1
Tyrekus,1
Lichelle,0
Myriam,0
Pejmon,1
Lauriel,0
Hamarama,1
Lily-Dene,0
Joardyn,1
Shehab,1
Derrance,1
Loralee,0
Mallarie,0
Chubbie,1
Ziggi,1
Michael-Shane,1
Cham,1
Troyal,1
Vash,1
Taw,1
Marichuy,0
Kirstynn,0
Nahmiah,0
Stepehn,1
Cindy-Jayne,0
Qamar,0
Suveer,1
Dihen,1
Iman,1
Nimah,0
Maidelyn,0
Delouris,0
Aron,0
Karnell,1
Kareena-Jaclyn,0
Bibb,1
Dyce,1
Oluremi,0
Alizah,1
Zaylain,1
Aedhan,1
Gerry,1
Towa,1
Delonta,1
Jjames,1
Tirek,1
Kaydie,0
Kesha,0
Jorj,1
Manwel,1
Yolan,0
Kyosuke,1
Sameko,0
Remington,1
Ruhan,1
Autiana,0
Naszire,1
Menachemmendel,1
Ajanee,0
Ketan,1
Saffia,0
Sanin,1
Suwani,0
Jorniel,1
Branford,1
Viyaan,1
Eleanoar,0
Moustapha,1
Annie-Rose,0
Chandi,0
Dendrick,1
Ii,1
Haig,1
Sahabbudin,1
Romyna,0
Neale,1
Johnitta,0
Dornell,1
Banita,0
Michieal,1
Justen,1
Feigy,0
Eizabeth,0
Draylon,1
Grenda,0
Aislan,0
Yarexi,0
Quadir,1
Sephira,0
Dimitrios-Peter,1
Bemjamin,1
Vinell,0
Hartej,1
Khy,1
Jolanta,0
Chumani,0
Xaela,0
Cherese,0
Timoty,1
Justinia,0
Jamarcus,1
Rameses,1
Teariki,1
Brynmor,1
Kapresha,0
Skipper,1
Carime,0
Charlinda,0
Wanderlei,1
Joliyon,1
Johanson,1
Novalene,1
Jakaris,1
Nahya,0
Mats,1
Ovel,1
Dymon,1
Kafumba,1
Arian,1
Elli,1
Xamia,0
Minoru,1
Damirah,0
Dawnell,0
Aser,1
Biafra,0
Taite,1
Tovan,1
Ngaroma,0
Anup,1
Kan,1
Suhaliya,0
Ruofan,0
Tatym,1
Aj,1
Jacgueline,0
Prunthan,1
Alseepa,0
Cathy,1
Abreana,0
Elante,1
Nekaya,0
Dezden,1
Zahrotush-Sholikhah,0
Chastine,0
Dionysi,1
Natia,0
Mckell,1
Lizzbeth,0
Florean,0
Quann,1
Kove,1
Shigeru,1
Kamaree,1
Abbigaile,0
Teneke,0
Aharshi,1
Egons,1
Alacyia,0
Madgeline,0
Isamel,1
Zenita,0
Jiliana,0
Daynah,1
Kiron,1
Dejay,1
Hermania,0
Ourtney,0
Jaquinta,0
Alysan,0
Yves,0
Monserratte,0
Renardo,1
Casondra,0
Lawrance,1
Shea,0
Xong,1
Gurtaj,1
Tufel,1
Zylee,0
Santiago,0
Kulaia-Lee,0
Simmi,0
Tatum,1
Stoney,1
Frenda,0
Zekiel,1
Alida,0
Borgny,0
Mikeshia,0
Kentrice,0
Itali,0
Ilinca-Dorcas,0
Edmundas,1
Yashasvi,0
Latrone,1
Ranferi,1
Kirralyn,0
Charlierae,0
Devian,1
Nataija,0
Lannara,1
Zaviyar,1
Chipper,1
Classie,0
Mekyle,1
Ameesha,0
Endesha,0
Yohandry,1
Serena-Lee,0
Sybrena,0
Ashlay,0
Tijay,1
Leanord,1
Burell,1
Relis,1
Arjanae,0
Warner,1
Cobey,1
Izmael,1
Cowan,1
Lakeicha,0
Dawson,0
Ahmaj,1
Jeannine-Helen,0
Hains,1
Angelrose,0
Tapan,1
Rajvi,0
Carmellia,0
Shalexus,0
Hannanah,0
Malaquias,1
Kurshat,1
Coralin,0
Adelayda,0
Nory,0
Vinh-Tu,1
Loca,0
Joe,0
Manolis,1
Akhi,1
Salima,0
Owan,1
Benvina,0
Minat,0
Camm,0
Hargunpreet,0
Yeoryi,1
Taislee,0
Ladine,0
Khaleesie,0
Micale,1
Philias,1
Shalen,1
Timeisha,0
Lezah,0
Killiam,1
Damoney,1
Rastagar,1
Yonatan,1
Querino,1
Xinze,1
Lynnlee,0
Cia,0
Zheon,1
Bette,1
Sarad,1
Jacin,1
Sreeram,1
Carn,1
Jazel,1
Raahi,0
Una,0
Rondella,0
Adry,0
Akashdeep,1
Norrah,0
Yeshi,0
Brodee,1
Nova,0
Truda,0
Aryann,0
Jasmirah,0
Solangel,0
Celenne,0
Genero,1
Yaelis,0
Jemarr,1
Jenny-Lyn,0
Dayesha,0
Charnce,1
Janneli,0
Camilo,1
Ciccina,0
Shay,0
Zosailian,1
Oceania,0
Ishmel,1
Tharel,1
Melzina,0
Waryn,1
Shauntae,1
Thierry,0
Kirra-Lea,0
Garvice,1
Zivko,1
Kirodimal,1
Jeraldy,0
Danzel,1
Anthanasios,1
Tye,1
Axen,1
Vonica,0
Chariss,0
Elton,1
Willameta,0
Lorrinda,0
Amaya,1
Kyila,0
Thavin,1
Sankey,1
Danisa,0
Ti-Aysha,0
Levian,1
Leighjay,1
Advay,1
Tohrm,1
Blazej,1
Ashea,0
Timiya,0
Donterrius,1
Jaqari,1
Ekrem,1
Locksley,1
James-Dillon,1
Chrishawn,1
Rivah,0
Patrizia-Orsola,0
Western,1
Roaa,0
Shonteria,0
Donn,0
Tora,0
Divany,0
Nalanee,0
Kabriel,1
Germani,0
Franko,1
Cleonie,0
Tendria,0
Kimmy,0
Farzad,1
Everlyrose,0
Neredith,0
Khloi,0
Xaia,0
Asah,1
Zilpha,0
Kayenne,0
Joshelin,0
Nhu-Quynh,0
Midgie,0
Wrigley,1
Williard,1
Metodije,1
Jet-Mickala,0
Jajuane,1
Cevon,1
Donate,1
Ghasiram,1
Mijan,0
Kashdon,1
Ngor,1
Weiqi,0
Viet-Trung,1
Camay,0
Erin-Leigh,0
Khady,0
Enri,1
Sommers,0
Zulay,0
Blessing,1
Bodhin,1
Atticus,1
Damariona,0
Georgi,0
Jeramya,1
Vernese,0
Clarkie,0
Isaha,1
Khesara,0
Eries,1
Liberale,1
Honey,0
Chealsie,0
Mahdyah,0
Kianie,0
Linleigh,0
Iyoni,0
Sheh,1
Sabaat,1
Damarko,1
Frantz,1
Neptali,1
Chrissanthi,0
Bhavishya,0
Ankit,0
Maylana,0
Carilee,0
Nelle,0
Tokiko,0
Farid,1
Augustas,1
Kaidian,1
Francile,0
Emarli,0
Brylan,0
Lexin,1
Darquez,1
Magdiel,1
Tuan-Tu,1
Alanie,0
Ahnaleigh,0
Vayne,1
Lamelo,1
Sikke,1
Lying,0
Tyneil,1
Vajid,1
Nevaehmarie,0
Den,1
Smanatha,0
Cameryn,1
Escolastica,0
Ajanique,0
Kehley,0
Vanetta,0
Makyle,1
Melli,0
Shaquale,0
Tameya,0
Darleta,0
Siniyah,0
Lamine,1
Evamaria,0
Tigri,1
Amarii,1
Laquaisha,0
Anav,1
Vanella,0
Rashima,0
Kaiyu,0
Christofo,1
Elly-May,0
Brisayda,0
Jaydel,1
Mardi-Anne,0
Hartley,1
Krista-Marie,0
Kirynn,0
Khaleb,1
Trance,1
Miykael,1
Michaael,1
Keyten,1
Trinsa,0
Daire,1
Tili,0
Alyicia,0
Syrette,0
Byung,1
Xzaevion,1
Arrius,1
Finneaus,1
Timi,0
Nagi,1
Annapurna,0
Ajayvir,1
Trew,1
Frey,1
Cherral,0
Ornelo,1
Reena,1
Sandina,1
Xandir,1
Scotland,0
Mizraim,1
Lynnia,0
Manraj,1
Vyvyan,0
Aniela,0
Kaisia,0
Oben,1
Pnina,0
Ruhu'Llah,1
Junaid,0
Naomie,0
Osbert,1
Enesa,0
Elviro,1
Akym,1
Regenia,0
Iyas,1
Kyondra,0
Ayedan,1
Eliakim,1
Kyheir,1
Danen,0
Jilbert,1
Arby,1
Irmalinda,0
Camiel,1
Khilyn,1
Damarques,1
Abbey-Rose,0
Tabatha,1
Aleyssa,0
Shola,1
Ziven,1
Debbie-Ann,0
Idris,1
Barrey,1
Rhiley,1
Timo,1
Arseniy,1
Vu-Khoa,1
Leonides,0
Jerney,0
Venessa,0
Keidyn,1
Bisrat,1
Sujey,0
Shephen,1
Abbigail,1
Bravyn,1
Anajulia,0
Mylinn,0
Chamberlain,1
Wilma,0
Kadeem,1
Evamarie,0
Marveen,0
Soriyya,0
Saraj,0
Wednesday,0
Hypatia,0
Tysaun,1
Kanaja,0
Samarria,0
Muhamad,1
Quanasia,0
Ricky-Joe,1
Rialey,0
Maiar,0
Cobra,1
Kyrea,0
Randal,0
Hritika,0
Glen-More,1
Finnegan,1
Hudi,0
Collyn,1
Zanaii,0
Erinne,0
Allie,0
Dareon,0
Katheryne,0
Naieem,1
Murlin,1
Nycoma,0
Delmos,1
Iraa,0
Nicharon,0
Evaggelia-Angela,0
Kirriley,0
Behzad,1
Joseiah,1
Jayana,0
Serhan,1
Rigas,1
Aayan,1
Matia,1
Lyzette,0
Makarah,0
Khailen,1
Adashia,0
Neralle,0
Zaima,0
Degen,1
Jakodi,1
Cosandra,0
Alaizha,0
Calley,0
Marcina,0
Megh,0
Tito,1
Carterjames,1
Reggy,1
Kylie-May,0
Amyas,1
Jeneyah,0
Sibohn,0
Lillymay,0
Shimeeka,0
Jeweliana,0
Alie,1
Koua,1
Mybinahon,0
Kaiyen,1
Matilda-Rose,0
Chantella,0
Zephen,1
Sherea,0
Tarha,0
Lileah,0
Hailly,0
Cecilla,0
Sophiarose,0
Lad,1
Shundrea,0
Sibavaleria,0
Yamily,0
Sol,1
Nice,0
Genaya,0
Jayvian,1
Tanzin,1
Elvio,1
Gerhardt,1
Jhy,1
Mahayla,0
Josceline,0
Trequan,1
Ezariyah,0
Charlize,0
Dick,1
Martisa,0
Oaklee,1
Dechane,1
Xavier-Leigh,1
Ranko,1
Rhianna,0
Revis,1
Deepal,1
Ryle,1
Oghenetega,1
Lucias,1
Dominik,1
Obichukwu,1
Jhenifer,0
Ladonn,0
Lili,0
Agustin,1
John-Roy,1
Mandip,1
Dyonne,0
Fedra,0
Messer,1
Savai,0
Chalres,1
Rebba,0
Snigdha,0
Doyl,1
Jahlique,1
Dajahnay,0
Carollou,0
Jasavion,1
Ameshia,0
Jineen,0
Graycen,0
Dillon,1
Armas,1
Shauntay,1
Izhar,1
Matteio,1
Jiorgina,0
Azalya,0
Chelsea-Lee,0
Shayraf,1
Liladevi,0
Luciano,1
Abduallah,1
Peyeton,1
Gamal,1
Aurora-Leigh,0
Jesekah,0
Jaman,1
Klarrissa,0
Malkiat,1
Guillermo,0
Clayten,1
Polihronia,0
Rushun,1
Taneia,0
Heavendeep,0
Ruoxuan,0
Adalee,0
Chhinderpal,1
Damian-James,1
Vei-Mei,0
Karmi,0
Jackman,1
Drekwon,1
Shamiek,1
Lukus,1
Elizjah,1
Shylah,0
Tarachand,1
Raybon,1
Cylinda,0
Yarin,0
Bobbisue,0
Giorge,1
Zamair,1
Chans,1
Lal,0
Dom,1
Foister,1
Gullen,1
Xiomayra,0
Jondrea,0
Zyesha,0
Elmer,1
Jarelle,1
Jamelvin,1
Kepa,1
Ariano,1
Talei,0
Christapher,1
Adolfina,0
Akeem,1
Yayden,1
Taliqua,0
Jozif,1
Farran,1
Searria,0
Sone,1
Smit,1
Sephen,1
Talilah,0
Sadey,0
Xitlalli,0
Vaahin,1
Twila,0
Inderpal,1
Anuradha,0
Dylynn,0
Mandela,1
Jayvon,1
Cilton,1
Virlee,0
Khailil,1
Esai,1
Ayna,0
Charde,0
Olney,1
Salia,0
Cortney,0
Xenia,0
Millarni,0
Karian,0
Arianna,0
Yuya,1
Marlia,0
Yari,1
Radivoje,1
Aislin,0
Chantia,0
Algean,0
Davron,1
Caelim,1
Leontyna,1
Dosie,1
Dajahnae,0
Shihub,1
Billy-James,1
Mase,1
Allynne,0
Jeng-Chou,1
Bibyan,0
Gracelin,0
Rennetta,0
Worren,1
Nayara,0
Sani,1
Sunja,0
Aleesa-Kate,0
Watkins,1
Traesyn,1
Hetaf,0
Kaiyah,0
Catiria,0
Annieroseanna,0
Jade,1
Marquel,0
Zeno,1
Akisha,0
Riannon,0
Wonya,1
Loreina,0
Hadi,1
Robinne,0
Drej,1
Naman,1
Marney,0
Mikailyn,0
Haben,1
Donti,1
Titiana,0
Timithy,1
Ashleigh-Brooke,0
Omie,0
Minh-James,1
Kiegan,1
Aaftab,1
Angeles,1
Lelend,1
Chrisanthi,0
Summie,1
Ramotar,1
Anguri,0
Raymod,1
Tevye,1
Tanaysha,0
Zdenko,1
Khyri,1
Zackery,1
Willmer,0
Zuheily,0
Aileen,0
Alula,1
Ailena,0
Jussica,0
Chanille,0
Koster,1
Ellora,0
Zareon,1
Tempe,0
Cella,0
Brijido,1
Tomeika,0
Jamiylah,0
Rokeem,1
Russchelle,0
Andre',1
Suheib,1
Jarrah,1
Narvell,1
Brizza,0
Asencion,0
Shanneyn,1
Jazariyah,0
Jesusita,0
Brennox,1
Iyon,1
Mark-David,1
Tejash,1
Jaylandouglas,1
Haroutun,1
Truston,1
Klark,0
Traymon,1
Mina,1
Lyrick,0
Kacper,1
Xarnia,0
Alecsander,1
Mahathi,0
Daryle,1
Katrinka,0
Jaquaun,1
Hilding,1
Nicolie,0
Jaymi,0
Deemah,0
Faunia,0
Alham,0
Iqbal,1
Lavarus,1
Ehtasham,1
Hefranta,1
Anijah,0
Satchel,1
Noyan,1
Evaristo,1
Devonti,1
Charda,0
Phenicia,0
Pela,0
Tiniya,0
Territa,0
Massan,0
Joneric,1
Kamorion,1
Alberto,0
Darcus,1
Cleao,0
Pedrohenrique,1
Gurvir,0
Leonita,0
Devario,1
Alizeh,0
Jainab,1
Brucie,0
Knowledge,0
Taisto,1
Jesuan,1
Ruon,1
Aliaz,1
Buster,1
Tyjay,1
Leaym,1
Tanaeyah,0
Inman,1
Johnavan,1
Maryonna,0
Ledell,1
Tenille,1
Glenville,1
Eiliana,0
Ruthan,0
Keontez,1
Aloura,0
Analilia,0
Shareny,0
Yashmit,1
Dennai,0
Jess,0
Chamille,0
Allinah,0
Kaymen,1
Milcah,0
Miyanah,0
Chentel,0
Hasiba,0
Lymar,0
Kuan,0
Noha,1
Tenzley,0
Cesia,0
Ryka,0
Arcus,1
Aaxon,1
Destinay,0
Evolet,0
Amoe,0
Schnelle,0
Vilnis,1
Mohmmad,1
Kenyah,0
Jasicianna,0
Melis,0
Aarin,1
Fallon,1
Ihla,0
Whill,1
Lakeitha,0
Jamahri,1
Maddilynn,0
Zyera,0
Austin,0
Faris,1
Noon,1
Qianna,0
Sabastain,1
Cialee,0
Monroe,0
Lacey,1
Tharuli,0
Adreanna,0
Jenys,0
Jalsingh,1
Martelle,0
Arville,1
Mahamoud,1
Shgiptim,1
Connie,1
Davia,0
Jeremy-Jaye,1
Grenfell,1
Tzipa,0
Kiya,0
Sparrow,1
Athei,1
Robin-Leigh,1
Liticia,0
Mary-Clair,0
Tenaj,0
Tralee-Rose,0
Shaurish,1
Anh-Tuan,1
Trivia,0
Sopheak,0
Tabathia,0
Md.Yunus,1
Rodrigo,1
Watkin,1
Shaquone,1
Emilija,0
Yamiles,0
Dumani,0
Meleka,0
Saleem,1
Auzie,1
Wendourie,0
Alexandrea,0
Tannia,0
Ahmauri,1
Ara,1
Calia,0
Katisha,0
Sherrie-Lee,0
Pascha,0
Detavion,1
Candiece,0
Cashlin,1
Kylik,1
Packard,1
Maiara,0
Artavia,0
Darlia,0
Jer,1
Quintera,0
Geanie,0
Emmaliah,0
Jeran,1
Wally,1
Renli,0
Kemoni,1
Saberiin,0
Rahem,1
Tesean,1
Amman,1
Ryahn,1
Adryan,0
Horton,1
Derick,1
Audrick,1
Asbel,1
Kalpana,0
Grisell,0
Elmedina,0
Reama,0
Lewin,1
Demarrion,1
Anastasio,1
Haygan,1
Oakleigh-Rae,0
Ellisa,0
Evaughn,0
Izaya,1
Tisharn,0
Trintyn,1
Charyn,0
Sheru,1
Idalie,0
Crystal-Brooke,0
Davad-Lee,1
Arletha,0
Makeya,0
Shahram,1
Prithvi,1
Hasandi,0
Clarkson,1
Blaed,1
Young-Ae,0
Gaetana,0
Alexia-Marie,0
Mikhai,1
Cyress,1
Haochen,1
Nurhuda,0
Evada,0
Cigi,0
Juvan,1
Leisly,0
Bhanumati,0
Tormaigh,1
Janielle,0
Sukhmani,0
Rannie,1
Geordan,1
Cope,1
Tahlarah-Kylie,0
Viera,0
Erdene,0
Zaqueo,1
Kareen,0
Zelbert,1
Candelario,1
Tarrah,0
Barack,1
Miroslow,1
Tammi,0
Dondrell,1
Faella,0
Cama,0
Mischika,0
Dezmyn,1
Tharryn,1
Cynitha,0
Cane,1
Reinhilda,0
Philimon,1
Geordan,0
Shanum,0
Hanane,0
Jemiya,0
Lemark,1
Flory,0
Maysin,1
Tasmine,0
Vincel,1
Irandy,0
Nolani,0
Maimouna,0
Tilar,0
Tyzaiah,1
Keresa,0
Assia,0
Davahn,1
Isharn,1
Eriyona,0
Vondale,1
Seraj,1
Jackueline,0
Belah,0
Toa-Hakea,1
Mcauthur,1
Tynia,0
Gitanjali,0
Diallo,1
Ledaniel,1
Kasiah,1
Fenner,1
Landa,0
Keli,1
Kassius,1
Husai,1
Legen,1
Ginikachi,0
Eillen,0
Taygen,0
Shep,1
Raajveer,1
Rachelleanne,0
Bartholmew,1
Zavahna,0
Richard-Craig,1
Herakles,1
Jacolby,0
Reiden,1
Selenna,0
Kendalyn,0
Queshawn,1
Calogero,1
Solomiya,0
Ebaristo,1
Don,0
Manyiel,1
Ferne,0
Licette,0
Issael,1
Jaudan,1
Trlokchand,1
Kiarah-Lee,0
Chetanram,1
Fovi,1
Destinny,0
Tola,1
Wyndham,1
Isoken,0
Elayne,0
Elica,0
Lucill,0
Mel-Lisa,0
Chaison,1
Carla,1
Dominigue,1
Keeshawn,1
Ocean,1
Ephriam,1
Custer,1
Krischan,1
Lujean,0
Gueseppe,1
Hahna,0
Juac,1
Tayeisha,0
Jithum,1
Kynnan,1
Jabre,0
Valek,1
Campion,1
Kaveon,1
Sayre,1
Mame,0
Durante,1
Maydeen,0
Taevon,1
Shahmi,1
Yacha,1
Rupinder,1
Omarii,1
Toie,0
Nassin,0
Kanish,1
Kennedy,0
Rhauri,1
Tekchand,1
Pushkar,1
Marcas,1
Maxsim,1
Taiven,1
Tauni,0
Junnie,0
Phil,1
Raice,1
Meherzad,1
Tymeek,1
Laderian,1
Aadan,1
Sambhaav,1
Yorleni,0
Quayshun,1
Saleh,1
Fraiser,1
Sazmin,0
Quustyn,0
Lira,0
Karenjit,0
Reyaa,0
Cherylynna,0
Anasofia,0
Ralf-Peter,1
Khonner,1
Tushan,1
Rudmal,1
Queana,0
Edsel,1
Budimir,1
Anaad,1
Ulrika,0
Emelene,0
Grant-Lee,1
Ayeden,1
Abbagayle,0
Johnelle,0
Sandor,1
Sheren,0
Panula,0
Lashaw,1
Ayman,1
Nikonus,1
Kendrys,1
Adler,1
Quinna,0
Jendriel,1
Gearl,1
Allissa,0
Lucile,1
Meliyah,0
Marichal,1
Jerikai,1
Romali,0
Marbella,0
Tahlon,1
Xavius,1
Carmin,0
Devantre,1
Myeasha,0
Doni,0
Aseya,0
Tredon,1
Yasamine,0
Solaris,0
Taquan,1
Laurielle,0
Avari,1
Ria-Grace,0
Cahari,1
Talem,1
Theophilia,0
Novaleigh,0
Isauro,1
Kermitt,1
Sherrie,0
Badar,1
Lillee-Mae,0
Leonte,1
Markeysha,0
Schalk,1
Zackeri,1
Torray,1
Ciaron,1
Marynell,0
Dominiqua,0
Tritt,1
Soojin,0
Zulmira,0
Quang-Anh,1
Kyjuan,1
Imira,0
Zahn,1
Alba,1
Paraskevie,0
Dagney,0
Jiyaul,1
Feda,0
Catrina,0
Raymonde,1
Nyabol,0
Giorgie,1
Dejuante,1
Tiviany,1
Jaysonsinh,1
Guransh,1
Beric,1
Tekiesha,0
Kassaundra,0
Alpesh,1
Ritesh,1
Adriyel,1
Vernez,0
Kennydi,0
Lykeisha,0
Brittania,0
Lemisha,0
Xidyn,1
Sharay,0
Amelia-Lea,0
Gelindo,1
Cason,1
Loyda,0
Lynly,0
Kamonte,1
Lula,1
Williammichael,1
Katerra,0
Antoniodejesus,1
Jhasmine,0
Sean,0
Jabbaar,1
Bobra,0
Bric,1
Zyniah,0
Cleo,0
Nichalous,1
Yarazeth,0
Bentz,1
Alberdia,0
Tajbid,1
Dwight,0
Lyndall,0
Jahsi,1
Dalena,0
Katlynn,0
Price,0
Siyan,0
Mong,0
Lexly,0
Christoss,1
Jesusalberto,1
Rhuah,0
Markeisia,0
Kerien,1
Elizabete,0
Lanoris,1
Gavvin,1
Loganjames,1
Praveen,1
Thomass,1
Nikka,0
Allexus,0
Jaqulyn,0
Presciliano,1
Chele,0
Brenz,1
Greko,1
Lynnon,0
Esly,1
Melveen,0
Saroz,1
Neolani,0
Murlee,0
Emiri,0
Cythiena,0
Klorence,0
Mckinnly,0
Rattana,1
Nakiea,0
Semaja,1
Duryea,1
Tylor-Jon,1
Lazavion,1
Aedon,1
Roxi,0
Ames,1
Merrill,0
Cheylyn,0
Zarlo,1
Ove,1
Graves,1
Gurlal,1
Opal,1
Alissiya,0
Lyverne,0
Neiv,0
Azen,1
Teffani,0
Sofiagrace,0
Magit,0
Susan-Maria,0
Shaneesa,0
Nazirul,1
Rongyan,0
Shennell,0
Meryam,0
Bannister,1
Gery,1
Kamahl,1
Jaonte,1
Hanan,1
Abdirisaq,1
Lairen,0
Mobeena,0
Evaney,0
Isabella,1
Stefanos,1
Manvitha,0
Colt,0
Raydell,0
Alkmini,0
Donson,1
Earnie,0
Justine,1
Jeriana,0
Ameer,0
Sukhmeet,1
Cloice,1
Shivaani,0
Domanique,0
Bisceglia,0
Venika,0
Alfredo,0
Tiffanii,0
Austie,0
Athan,1
Lasheena,0
Eathen,1
Dories,0
Padyn,0
Rishan,1
Billison,1
Lenad,1
Minda,0
Saurav,1
Cindie,0
Qixiang,1
Raycine,0
Graice,0
Mudsir,1
Capricia,0
Airyn,1
Milin,1
Yukiye,0
Nathan-Glenn,1
Hyder,1
Pamma,0
Donatella,0
Omaid,1
Chon,1
Chrissoula,0
Paitlyn,0
Avian,1
Lataija,0
Yaswani,1
Terranc,1
Kandra,0
Deryk,1
Aesop,1
Jackson-Scott,1
Nasasha,0
Wiatt,1
Thomasa,0
Ricardo,1
Langston,1
Broc,1
Nadhira,0
Juri,0
Jessie,0
Yume,0
Halia,0
Markevius,1
Graison,1
Maysam,1
Kaliegh,0
Osiria,0
Harryjew,1
Gayl,1
Karyssa,0
Penzy,0
Aquala,0
Vilossyn,0
Kymiah,0
Hassell,1
Anesty,0
Olavi,1
Cristiano,1
Attalie,0
Edgel,1
Korlee,0
Jarren,0
Benny,0
Kashad,1
Bradnon,1
Furnest,1
Lakesiha,0
Anamaris,0
Jeydan,1
Geumbou,1
Zoelys,0
Jaired,1
Kaylamarie,0
Zalika,0
Amyliah,0
Elleena,0
Reyan,1
Sasa,1
Deashley,0
Phong,0
Harlym,0
Jushua,1
Lorah,0
Fidencio,1
Janelyn,0
Hriday,1
Tyease,0
Tynsley,0
Chambria,0
Arro,1
Eaen,1
Chava,1
Joyanna,0
Nyasa,0
Thorton,1
Laderius,1
Donchevell,1
Aleine,0
Carlon,0
Ashburn,1
Merrelyne,0
Twilight,0
Aijay,1
Rahel,0
Nicki,1
Tyan,0
Maverick,1
Kyel,1
Jobe,1
Mikea,0
Naylan,1
Kyrin,1
Fasika,1
Tayla,1
Demedrick,1
Forrestt,1
Dennie,0
Mee-Yeong,0
Kole,0
Pocahontas,0
Juliano,1
Keyosha,0
Keyvin,1
Lisa-Incoronata,0
Darpan,0
Zaxis,1
Kye-Shai,1
Makarla,0
Berin,1
Jarlla,0
Abishak,1
Yitzhak,1
Ardwn,1
Tripton,1
Jarli,1
Trinitey,0
Efton,1
Zhaiden,1
Ianthe,0
Terriana,0
Manda,0
Urmila,1
Elnathan,1
Alfonzie,1
Ruqayah,0
Markham,1
Jefre,1
Matildia,0
Tineka,0
Solimar,0
Naeleen,0
Callisto,0
April,1
Irwing,1
Moxen,1
Sheadon,1
Sundra,0
Tersia,0
Lydia,1
Idessa,0
Daschel,1
Maheen,1
Riann,1
Makylee,0
Larncellott,1
Linsay,0
Montana-Jayde,0
Sella,0
Alvera,0
Crissy-Lea,0
Ashley-Rose,0
Leighton,1
Burt,1
Caitie,0
Keniyah,0
Parshotam,1
Wittner,0
Dakshinaa,0
Zuleyka,0
Ribaldo,1
Jarrion,1
Karolis,1
Losana,0
Elsien,0
Neithen,1
Charry,0
Ishi,0
Greylyn,0
Juleana,0
Mikinley,0
Callahn,1
Hyeon,0
Rishank,1
Chazz,0
Siyaram,1
Jocquez,1
Cromer,1
Sydea,0
Sinay,0
Jendry,1
Yewande,0
Lakee,1
Navar,1
Mckaye,0
Ivye,0
Shawndi,0
Tammy,1
Maisan,1
Buddha,1
Aleksis,1
Delloraine,0
Kavindra,1
Hershell,1
Nichaolas,1
Liljana,0
Samurai,1
Donie,1
Lyndale,1
Anlee,0
Kusum,0
Jhordan,1
Emrey,1
Tekeira,0
Amy,1
Amlesh,1
Tristin,1
Keishia,0
Alioune,1
Smariti,0
Vandad,1
Kathylene,0
Lezly,0
Joshuajames,1
Queen-Anne,0
Tyshun,1
Janel,0
Elanna,0
Glee,0
Kewon,1
Mitchelle,0
Jayanne,0
Brasi,1
Maitreyi,0
Yoshinobu,1
Dominoe,0
Alivier,0
Juana,1
Yaxaira,0
Asiah,0
Zyquarius,1
Amahlia,0
Desta,0
Kerrion,1
Hadiya,0
Commie,0
Jonquel,1
Jarron,1
Mecha,0
Duurt,1
Taliesin,1
Torie,1
Raghubeer,1
Yerania,0
Yasna,0
Taquita,0
Tajir,1
Zakariyah,1
Yarisley,0
Ercil,0
Jazabell,0
Melakai,1
Naftuly,1
Djavan,1
Rosemae,0
Sanand,1
Ronwin,0
Bryon,1
Neco,1
Jalijah,1
Giaan,0
Winnell,0
Birchard,1
Maleko,1
Duong,0
Aleo,1
Shawanna,0
Truth,1
Tymarian,1
Narene,0
Jven,1
Valency,0
Pelma,0
Deverro,1
Zoha,0
Lennox,0
Trinita,0
Buffy,1
Excell,0
Harjas,1
Lettysha,0
Shripal,1
Hetoun,0
Yareily,0
Tamer,0
Lica,0
Sarne,0
Jakyrie,1
Neidi,0
Eunice,1
Achik,0
Zainalabden,1
Fillip,1
Sparky,1
Undria,0
Lachlan-Tai,1
Briggette,0
Dreamer,1
Mark-Christian,1
Vennetta,0
Lyah,0
Tionni,0
Haedyn,1
Lakaysha-Rose,0
Twylia,0
Divyantsinh,1
Vinhhy,1
Martese,1
Jaecee,0
Donaleen,0
Quinten,1
Secundino,1
Ethanael,1
Esperance,0
Cardelia,0
Ramsees,1
Elyas,1
Tyshiem,1
Temisha,0
Ludkarda,0
Suvina,0
Shjon,1
Tiffany,1
Nari,0
Daisy-Snow,0
Etham,1
Renina,0
Solmaira,0
Shonntae,0
Ta'Ziyah,1
Jiancarlo,1
Shneur,1
Kymari,1
Jakevis,1
Shuronda,0
Hildi,0
Feflibai,0
Julie-Anne,0
Kena,0
Aiyanna,0
Torran,1
Yunes,1
Monickah,0
Annil,0
Dharmbir,1
Seburn,1
Danae,0
Shamel,0
Pichsovan,1
Tangy,0
Mahinudin,1
Jahmyah,0
Wynd,1
Shamaree,1
Kinta,1
Kelly-Jean,0
Phat,1
Fuscia,0
Pascal,0
Destined,1
Shawntrell,1
Treyana,0
Icel,0
Phoung,0
John-Yianni,1
Kimauri,0
Khuma,1
Evangelene,0
Shaquilla,0
Hazleigh,0
Trishia,0
Gulnaz,0
Mirha,0
Panchuram,1
Polyhroni,1
Sionna,0
Gianis,1
Nahmir,1
Nereeda,0
Baiya,0
Noychithar,0
Lorea,0
Lilee-Mae,0
Branddon,1
Yaretzi,0
Nerena,0
Zareef,1
Ledja,1
Ufemia,0
Eunyu,0
Safya,0
Yaadram,1
Rosabelle,0
Ruman,0
Shiyana,0
Aakeem,1
Antavious,1
Nunziatina,0
Ter,1
Sheetal,1
Chelyn,0
Tyrrien-Sue,0
Harla,0
Lynkoln,1
Tau,1
Adaisia,0
Zarabell,0
Aiyden,1
Kelilah,0
Emmerly,0
Jade-Anne,0
Elsha,0
Dakera,0
Franca,1
Mikkela,0
Mirabell,0
Jarez,1
Verneal,1
Arcadio,1
Ernestine,1
Breyan,0
Elexys,0
Zakari,1
Jesse-Ann,0
Sahriya,0
Margie,0
Caillin,1
Dacoda,0
Nikolija,0
Arcie,1
Atri,1
Nilufer,0
Linda-Mary,0
Hamid,1
Tasir,1
Vartan,1
Modesto,1
Amalii,0
Kemyia,0
Adyaan,1
Erskine,1
Husani,1
Sadarian,1
Destinei,0
Levon,1
Own,1
Leland,0
Mijo,1
Kyeesha,0
Marshel,1
Shandor,1
Cristian,0
Tuang,1
Daleesa,0
Do,1
Kingi,1
Aspasia,0
Jamerica,0
Dequlin,1
Gevorg,1
Etdal,0
Macx,1
Delontay,1
Emmitt,1
Kadisha,0
Phylynn,1
Shama,0
Owen,1
Sanad,1
Rosemaire,0
Jari,1
Macalah,0
Meshawn,0
Kelly-Lee,1
Kousha,1
Chianti,0
Travarious,1
Arshdeep,0
Jeneene,0
Cesar'E-Luke,1
Bryceton,1
Aliciya,0
Arabellarose,0
Zishe,1
Shanez,0
Larell,0
Jennesis,0
Samoan,0
Rudolphe,1
Tierny,0
Yissochor,1
Cubert,1
Tequella,0
Rush,1
Islam,0
Stanislas,1
Jacaury,1
Marchel,1
Janmesh,1
Ameri,0
Daymen,1
Derrill,1
Declyn,1
Roopali,0
Wannie,0
Tennelle,0
Mateja,1
Prapawalin,0
Dmitris,1
Feeras,1
Jaydein,1
Marla,1
Ameaka,0
Athalea,0
Joseph-Jiulio,1
Pattie,1
Camilia,0
Zaneria,0
Attie,0
Eilam,1
Fevziye,0
Kaito,1
Wilder,1
Badnath,1
Crettie,0
Shateara,0
Henrietta,0
Zury,0
Ashyria,0
Josephpaul,1
Ajene,1
Lashita,0
Teliesha,0
Zerenity,0
Josephus,1
Unnabh,1
Zaher,1
Juarez,1
Anterious,1
Jean-Marc,1
Imal,0
Shirly,0
Travonte,1
Esmerie,0
Deyshawn,1
Journae,0
Shanvaj,1
Nataleah,0
Kavante,1
Clifton,0
Badi,1
Ezaan,1
Whynton,1
Alieu,1
Horst,1
Alane,0
Paolo-Adriano,1
Jacky-Kea,1
Vince,1
Rami,0
Ezriel,1
Annamary,0
Lessley,0
Mayline,0
Taeya,0
Verneisha,0
Kyalo,1
Aiden,0
Suniyah,0
Jahmeel,1
Astyn,1
Jasean,1
Issey,1
Sharock,1
Vickye,0
Shironda,0
Jaymion,1
Netty,0
Briley,1
Maclaren,1
Graylee,0
Madene,0
Yajahira,0
Thai,1
Nairene,0
Arion,1
Harbans,1
Juanesteban,1
Jesy,1
Erylle,1
Taiquan,1
Enmanuel,1
Jahier,1
Misel,0
Alashia,0
Arindom,1
Alensa,0
Wilmor,1
Abiezer,1
Chizaram,0
Syna,0
Ashvath,1
Ramani,0
Levera,0
Lyneton,1
Hilia,0
Dekayla,0
Bognuslaw,1
Greeshma,0
Jadarrion,1
Stephenee,0
Sarath,0
Markeyda,0
Imali,0
Gotiya,0
Ahsha,0
Khasim,1
Steffano,1
Lizz,0
Tashvir,1
Catheline,0
Chesica,0
Anold,1
Disheka,0
Tundra,1
Tamikha,0
Haynie,1
Emilye,0
Creel,1
Yamina,0
Donn,1
Yanciel,1
Brittie,0
Trijugi,1
Salih,1
Marquesha,0
Hydie,0
Tau,0
Kellianne,0
Kalix,1
Anawin,1
Landris,1
Baruti,1
Brizzia,0
Chassie,0
Oralia,0
Eura,1
Malcon,1
Mariadelcarmen,0
Cleman,1
Omisha,0
Jerni,0
Kinyada,0
Asae,0
Alvon,1
Mukul,1
Jahli,0
Haiven,0
Caryl-Lyn,0
Skyeler,0
Lanesia,0
Blayton,1
Arreon,0
Toriana,0
Codi,0
Sanne,0
Autumn,1
Deikan,1
Tavey,0
Maywood,1
Jhetti,1
Treasure,0
Baren,1
Thedy,0
Aaleahyah,0
Immacolatina,0
Clorisa,0
Rishad,1
Dameyon,1
Shavan,0
Tyell,1
Olethia,0
Kyheim,1
Nayden,1
Casyn,1
Noheli,0
Lannah,0
Pearce,1
Lokindra,1
Rama,1
Hend,0
Dayl,0
Un,1
Detria,0
Giulian,1
Jonael,1
Josepine,0
Madiana,0
Luren,0
Yvelisse,0
O,0
Genisis,0
Darnese,0
Ratan,1
Sieng,0
Jovey,0
Rocie,1
Domenicantonio,1
River-Lee,1
Braylea,0
Adelma,0
Costantino,1
Seema,0
Clarena,0
Voss,1
Gretl,0
Taleika,0
Kylum,1
Abbrielle,0
Eliphaz,1
Nyia,1
Lanna,0
Katherine,1
Moschos,1
Rondrick,1
Krystall,0
Taylah,1
Velmon,0
Machiel,1
Hakim,1
Felyx,1
Princecharles,1
Mojolaoluwa,0
Misheel,0
Wisin,1
Marlizabeth,0
Zylus,1
Takahiro,1
Aiedan,1
Jasveen,1
Shamyiah,0
Aja,0
Jonquil,1
Deslin,0
Kalel,0
Shehzad,1
Jabulani,1
Leanne-Maria,0
Renato,1
Ai-Mi,0
Mikah,1
Riely,1
Minetta,0
Jakota,1
Allayne,0
Luar,1
Craighton,1
Jesssica,0
Barfour,1
Ricklinta,0
Meryl,0
Rheya,0
Jazalle,0
Jianny,1
Aaravdeep,1
Kristinn,0
Nolen,0
Yinon,1
Oreta,0
Makenzly,0
Hosham,1
Kesava-Krsna,1
Justin-Le,1
Tarisse-Marie,0
Louisiana,0
Rayish,1
Stefhen,1
Jkyla,0
Hussan,1
Shahad,1
Alba,0
Farrell,1
Tauren,1
Claudea,0
Viseth,1
Momar,1
Shanada,0
Rowena,1
Shaelani,0
Morghyn,0
Leron,1
Drelynn,1
Demeka,0
Camonte,1
Eviee,0
Boots,0
Kekoa,0
Kalahni,0
Shaniesha,0
Miia,0
Oska,1
Bayley,1
Ao,1
Njal,1
Antonique,0
Alaak,1
Blain,1
Oluwadamilola,1
Jacqulene,0
Edel,1
Merralea,0
Traeshawn,1
Shuaib,1
Bonnie,1
Jaycion,1
Lenear,1
Kleanthis,1
Matbar,1
Sapna,1
Joehannah,0
Eliseo,1
Casimer,1
Kaleesa,0
Darise,0
Chalisse,0
Arvada,0
Jalessa,0
Joson,1
Edma,0
Naufal,1
Ameliah-Rose,0
Ylanda,0
Aveera,0
Stow,1
Azai,1
Kodjo,1
Angelik,0
Duarne,1
Jitendra,1
Tjunkaya,0
Tasmina,0
Tyelor,1
Zjantelle,0
Jesiree,0
Arnasia,0
Kalylah,0
Makina,0
Shuntel,0
Xanthipy,0
Kaeto,1
Ebe,0
Yosuf,1
Edro,1
Stacy,1
Mikio,1
Lynette,1
Standish,1
Paxtyn,1
Wendella,0
Katelund,0
Drinda,0
Licet,0
Wendlyn,0
Junathean,1
Hilbert,1
Gresia,0
Tincha,0
Arnett,0
Brenlyn,0
Karaya,0
Aleera,0
Chantis,0
Saatvik,1
Rund,0
Draper,1
Kashston,1
Rakell,0
Aubery,1
Manjeevan,1
Maxen,1
Avitaj,1
Ladarian,1
Shamonte,0
Afsheen,0
Dalby,1
Yashira,0
Baelyn,1
Filippina,0
Romita,0
Dahana,0
Ntasha,0
Katiya,0
Keyontai,1
Jimmesha,0
D'Quan,1
Adlar,1
Talissa-Rose,0
Eddward,1
Kyre,0
Matson,1
Jawane,1
Eziya,0
Sayeri,0
Natas,1
Sohi,0
Avont,1
Macdonald,1
Ahriel,0
Emmons,1
Tayari,1
Vanderbilt,1
Lafeyette,1
Kehlanie,0
Dreyken,1
Jhalani,0
Petite,0
Azlan,0
Elicia,0
Zhaniya,0
Vikki,0
Hicham,1
Zhaoqing,1
Daejanay,0
Jisella,0
Latreace,0
Shail,0
Jaysun,1
Karimen,0
Momina,0
Keandre,0
Celiana,0
Nekita,0
Forest,0
Simar,0
Kashonda,0
Feish,1
Ingri,0
Deunta,1
Demarrea,1
Ultan,1
Jaquavia,0
Nuran,0
Dylaney,0
Rahisuddin,1
Levaughn,1
Kaesin,1
Zered,0
Vincent,1
Jasnoor,0
Tegbir,1
Whitaker,1
Zaion,1
Keniqua,0
Gurucharan,1
Gesel,0
Carrick,1
Andrzey,1
Boban,1
Mickale,1
Krag,1
Alysah,0
Samara-Lee,0
Morgann,0
Diane-Monica,0
Bentura,1
Garyth,1
Tryton,1
Ryland,1
Matiyah,0
Assundina,0
Kavion,1
Bhabhav,1
Lonzie,1
Gurasees,0
Troydn,1
Keithan,1
Orvell,1
Sally-Ann,0
Bachan,1
Inderpreet,1
Montaro,1
Kalayah,0
Tandi,0
Jihan,0
Bernave,1
Trayten,1
Olamilekan,1
Van,1
Roshika,0
Takobe,1
Tarlia,0
Iancarlo,1
Wily,1
Janiel,1
Azeria,0
Layken,0
Tui,0
Sujanti,0
Ileas,1
Jefe,1
Radek,1
Amonti,1
Brent,1
Talianna,0
Keshena,0
Madeline-Lee,0
Tashee,0
Ainara,0
Mahadi,1
Adalena,0
Kelicia,0
Jerian,1
Linsey,0
Daleshia,0
Vedic,1
Porshae,0
Hawley,1
Koiki,1
Rexon,1
Ndrew,1
Sadina,0
Femke,0
Brydie-Anne,0
Shaquez,1
Sebastia,1
Karra,0
Shivali,0
Onita,0
Lonny,1
Lamirra,0
Subrati,1
Saamiyah,0
Haly,0
Sanno,0
Jeton,1
Sojoud,0
Aliveah,0
Light,0
Jabien,1
Mijael,1
Kanchn,0
Burkley,0
Kalesi,0
Grech,1
Ashlene,0
"Savita,",0
Tyjhawn,1
Somredee,0
Eileen,1
Gabirelle,0
Adonai,1
Naomi-Lee,0
Carlosantonio,1
Diseree,0
Kaleeb,1
Saleen,0
Malliah,0
Jiaen,0
Jasias,1
Salud,1
Analeya,0
Jenavy,0
Haeleigh,0
Latessia,0
Kros,1
Marisol,1
Madina,0
Hy,1
Colanda,0
Juanisha,0
Yalda,0
Yarixsa,0
Corson,1
Burbon,1
Pleasure,0
Shania-Jayne,0
Johnandrew,1
Walodja,1
Syiah,0
Kayon,1
Vaughne,1
Iraj,1
Trask,1
Taiga,1
Karyn,0
Atheon,1
Elijhah,1
Gedaliah,1
Tavaras,1
Kateria,0
Luisgerardo,1
Jazzabella,0
Iveliz,0
Le'Tesha,0
Jayrajsinh,1
Jair,1
Jolan,1
Gwen,0
Dandrea,1
Saish,1
Olamiposi,1
Kawita,0
Cebria,0
Jamarian,0
Dontevion,1
Madgelene,0
Paulla,0
Kenzleigh,0
Besam,1
Antina,0
Lakeesha,0
Luelle,0
Syleena,0
Deray,1
Denley,1
Brittant,0
Lakisha,0
Phronie,0
Jonathanmichael,1
Alchemy,0
Kamruddin,1
Brynnan,0
Marle,0
Noys,1
Dalisay,0
Spilio,1
Wakinyan,1
Amedio,1
Kylil,1
Laresa,0
Shahla,0
Angelikh,0
Vivienne,1
Aylesh,0
Astrid-Marie,0
Jiae,1
Paraskevi,1
Zayani,0
Hudes,0
Chasidy,0
Kahlia,0
Shadrack,1
Shahnaz,0
Ekagar,1
Sota,1
Tarence,1
Jostin,1
Eyvin,1
Torrian,1
Teco,1
Lauden,1
Osmo,1
Gerron,1
Josejavier,1
Crisn,1
Ihuoma,0
Truma,0
Huxen,1
Keanu,0
Serious,1
Gavinjot,1
Amgela,0
Ren'Ee,0
Mark-Herbert,1
Cederic,1
Ahman,1
Tanetta,0
John-Frank,1
Ariannah,0
Everhett,1
Maninder,1
Billyray,1
Praneet,0
Brizia,0
Zeplyn,0
Holly-Jane,0
Praneel,1
Delacey,0
Jaymen,1
Thavry,1
Irish,1
Cree,0
Sachika,0
Anayat,0
Yurem,1
Kharia,0
Kelva,0
Marlee-Rose,0
Leeor,0
Debra-Kay,0
Takeesha,0
Ieuan,1
Solaris,1
Andersen,1
Alfonson,1
Iasia,0
Markiya,0
Eline,0
Shahabuddin,1
Clarabeth,0
Aari,1
Lum,1
Latee,1
Kayceon,1
Malin,0
Annarosa,0
Ranel,1
Jilma,0
Ahrianne,0
Shlomie,1
Tamasha,0
Ruchie,0
Mariae,0
Steward,1
Aurash,1
Axxel,1
Bee-Jay,1
Krishan,1
Turama,0
Seleen,0
Jaeden,1
Demitri,0
Eleazar,1
Everardo,1
Maclane,1
Myda,0
Jaquandra,0
Adollorata,1
Taylah-Rose,0
Colum,1
Malikk,1
Christofpher,1
Myora,0
Arcirios,1
Trayce,1
Vickianne,0
Merik,1
Sidhartha,1
Sinisa,1
Nalaiyah,0
Patrizia-Barbara,0
Izeah,1
Barlowe,1
Addison-Rose,0
Lyel,1
Lc,1
Lateshia,0
Drucilla,0
Aarush,1
Valdo,1
Tayleira,0
Benn,1
Virtus,1
Lisania,0
Cyerah,0
Antoniyah,0
Mileyna,0
Bradie,0
Roneesha,0
Jyelle,0
Taaron,1
Dyvon,1
Alivn,1
Auburn,0
Calloway,1
Onedia,0
Deryck,1
Gerline,0
Marcus,1
Bralen,0
Khodi,0
Jasrah,0
Berchman,1
Avrie,1
Sun,1
Vonetta,0
Woodard,1
Kushumavati,0
Desslyn,0
Ellajane,0
Dan,1
Oluwasemilore,1
Ethanandrew,1
Nethuja,1
Khaiya,0
Leedward,1
Fabbio,1
Renane,0
Espie,0
Tomiko,0
Anderzon,1
Aliannah,0
Janece,0
Bhuneshwar,1
Roux,1
Azariel,1
Ozel,1
Laira,0
Amos,1
Ozelma,0
Briodie,0
Chloeigh,0
Dhoha,0
Tyquil,1
Shahani,0
Kujuan,1
Ellette,0
Toby-Lee,1
Lakshan,1
Garcelle,0
Synovah,0
Archie,1
Johnn,1
Vytautas,1
Brystle,0
Montahna,0
Ross-Paul,1
Manraaj,1
Peyman,1
Shloka,0
Farren,1
Diarmid,1
Landus,1
Tavio,1
Bevoir,1
Oluwaseyifunmi,0
Corian,1
Cortavious,1
Pilar,1
Anaili,0
Lequitta,0
Yalo,1
Satnosh,1
Christan,0
Aydhan,1
Rayha,0
Jizel,0
Thadius,1
Yohanny,0
Aladin,1
Tunya,0
Loggan,1
Rechetta,0
Tawayne,1
Makaelah,0
Caeden,0
Deklian,1
Ka'En,1
Budho,0
Governor,1
Amina,0
Bunnia,1
Alejondro,1
Sedra,0
Leonard,1
Llyn,0
Navae,0
Joseph,1
Zabdi,1
Zimson,1
Melica,0
Enrrik,1
Kendryck,1
Jeshwa,1
Tarana,0
Karcher,1
Ismaeel,1
Jasmin-Jane,0
Yeyson,1
Jesco,1
Emily-Tu,0
Cylar,1
Khiana,0
Cread,1
Malavika,0
Tayrn,1
Parbhat,1
Minnielee,0
Yolene,0
Antowain,1
Noely,0
Shelden,0
Birdella,0
Aiah,0
Adeliene,0
Terah,0
Maven,0
Korbon,1
Malack,0
Maddin,1
Janete,0
Sameena,0
Buity,0
Monekia,0
Jewelian,0
Nicolette,1
Jamod,1
Marchele,0
Jahmier,1
Daravone,0
Senator,1
Alexies,0
Dylanie,0
Elannah,0
Yasiris,0
Kaelee,0
Rozalyn,0
Cosmino,1
Iggy,1
Zylynn,0
Belen,1
Dailyn,1
Dantâ€¦,1
Sumita,0
Corby,1
Kanon,1
Yve,0
Mosim,1
Briayan,1
Izabelah,0
Saophea,0
Temidayo,0
Anil,1
Daniel-Lionel,1
Beckman,1
Riho,1
Erice,0
Takeira,0
Joss,0
Kevaris,1
Bhanwar,0
Ivyon,1
Tejon,1
Tashaeya,0
Gwella,0
Jacomo,1
Arshon,1
Kripya,0
Mehruddin,1
Lakin,0
Demetrey,1
Dejoire,0
Osirus,1
Shivang,1
Cheye,1
Sohrob,1
Shefali@Puja,0
Jimesha,0
Paolino,1
Izabelle,0
Sueann,0
Gayann,0
Raifah,0
Rambai,0
Yoshinori,1
Ramzy,1
Michalie,0
Yuneisy,0
Ingram,0
Jayme-Lee,0
Rubbina,0
Calik,1
Orlantha,0
Travares,1
Topaz,1
Mio,1
Moeko,0
Nimali,0
Colie,1
Arieah,0
Godslove,1
Shiye,1
Quincey,0
Gust,1
Mateen,1
Japar,1
Cheenou,1
Delwood,1
Leearron,1
Gintaras,1
Gerrilyn,0
Kalei,1
Savanna,0
Kosma,1
Tu-Phong,1
Viesturs,1
Niav,0
Falyn,0
Gent,1
Carolyn,1
Trystin,0
Adelin,0
Jadien,1
Taysen,1
Shreyan,1
Emmerson,1
Jessicia,0
Jyah,0
Enzly,0
Aesil,1
Kirby,0
Romari,1
Antowne,1
Jaitej,1
Arrya,0
Tyechia,0
Quatez,1
Mahfooj,1
Tegon,1
Davien,1
Cherlyl,0
Latosia,0
Juliena,0
Tellie,0
Kemel,1
Georg,1
Dasianae,0
Kaimarie,0
Alayiah,0
Kykiera,0
Rickeisha,0
Nuradin,1
Allesandro,1
Daniellie,0
Pharon,0
Philmore,1
Hendrix,0
Lenice,0
Romani,1
Julez,0
Tanusha,0
Mariangeles,0
Mardarius,1
Minha,0
Wynde,0
Leevi-James,1
Myrlen,1
Amit,0
Akshika,0
Coreena,1
Daejhun,1
Kinaan,1
Arvol,1
Berdell,1
Km0,0
Fradel,0
Raeharn,1
Kacey,1
Blyss,0
Ronnel,1
Jonquil,0
Charlonda,0
Lashaundra,0
Amolia,0
Indy-Rose,0
Autunno,1
Harison,1
Dorris,0
Akshya,0
Nakaylee,0
Maranelle,0
Charles,0
Madelyn,0
Kristina-Zorka-Maria,0
Kdyn,1
Trenet,0
Shandale,1
Clauda,0
Bibi,0
Kaden,0
Malakie,1
Feruz,1
Junietta,0
Genecis,0
Logan-Maree,0
Sarcha-Anne,0
Gea,0
Hood,1
Devara,0
Meshonda,0
Emonii,0
Camariya,0
Eddy-Darcy,1
Spaulding,1
Avyanna,0
Yozanna,0
Aadoney,1
Erasmus,1
Brig,1
Yue,0
Crian,1
Nurhayati,0
Rino,0
Najely,0
Chunni,1
Coraine,0
Dijion,1
Lukin,1
Tilakraj,1
Ratul,1
Jiiah,1
Alfath,1
Anaiah,1
Cecelia,1
Kenysha,0
Pete,0
Kryston,0
Amallie,0
Cloe,0
Samantha-Jo,0
Fue,1
Kyelynn,0
Rajanee,0
Goopi,1
Malay,0
Suave,1
Mayim,0
Mehan,1
Shania,0
Lanea,0
Danitza,0
Sohavideep,0
Tandon,1
Yener,1
Sylvania,0
Wilgus,1
Ohemaa,0
Shaquana,0
Elajuwon,1
Jaimyn,1
Amilynn,0
Mairik,1
Yehuda,1
Jaharie,1
Rupen,0
Innaya,0
Cleofas,1
Besty,0
Chey,1
Lladney,1
Aly,0
Deanndra,0
Dakim,1
Laniya,0
Gwynneth,0
Zaveon,1
Zachriah,1
Pranati,0
Beaudiene,1
Sherali,1
Bronne,0
Leonidas,1
Sheri,1
Jaiidyn,1
Pratha,1
Ajooni,0
Rowane,0
Marsali,0
Torino,1
Jarae,1
Manahal,0
Roesha,0
Ramsses,1
Shawkat,1
Suearna,0
Omran,1
Surendar,1
Dulcemaria,0
Muaad,1
Alianna,0
Hellen,1
Emannoop,1
Laylana,0
Jozina,0
Jazmone,0
Joseann,0
Jessalin,0
Tighe,0
Giddeon,1
Ataliah,0
Daemond,1
Lamar,1
Samule,1
Morland,1
Abur,1
Maribel,1
Brahmanand,1
Dalisah,0
Clarisa,0
Fedor,1
Dyke,1
Tionnie,0
Griffey,1
Cindy,0
Isaack,1
Tsuruko,0
Kiylee,0
Holbrook,1
Ashik,1
Eslem,0
Courtnee,0
Artensia,0
Tranell,0
Kiffany,0
Reniece,0
Jacobia,1
Simmie,1
Goijeta,0
Abdulahad,1
Shatera,0
Margrette,0
Daniellee,1
Samip,1
Shehrbano,0
Kyley,0
Inga,0
Lenore,0
Velna,0
Kamar,1
Marzell,1
Leoanthony,1
Maharlii,1
Alexxis,1
Jany,0
Herchell,1
Lumi,1
Aeriell,0
Kesiha,0
Audrynna,0
Maryia,0
Koleson,1
Chay-Lee,0
Eldric,1
Jaspah,1
Elner,1
Hini,0
Kurstin,0
Jamhal,1
Jeselle,0
Nyeka,0
Dominicus,1
Tonia-Anne,0
Annesly,0
Tsuyoshi,1
Micheal,0
Innila,0
Craven,1
Tanae,0
Jesusantonio,1
Ovidio,1
Trinese,0
Saheeh,1
Medardo,1
Kahtia,0
Amerius,0
Adelea,0
Nekaybaw,0
Paikea,1
Makynna,0
Lanetra,0
Lawra,0
Imrah,1
Kyreece,1
Teniyah,0
Ceclia,0
Byrde,0
Donavan,0
Jequetta,0
Sabiti,1
Lavance,1
Breaker,1
Jimel,1
Wilfed,1
Issaih,1
Mckenah,0
Tysne,1
Brysten,1
Giacinto,1
Lyle,0
Haley-Jane,0
Safan,1
Meabh,0
Rodrekus,1
Braelei,0
Brayen,1
Maitlan,1
Surai,0
Raini,0
Kiarn,1
Nalin,1
Ixchell,0
Jakayln,0
Machayla,0
Decarlo,1
Lendsey,0
Roley,1
Chelcie-Anne,0
Jer,0
Zarich,1
Lashaunta,0
Dwright,1
Alvis,0
Reni,0
Alisha,0
Madesyn,0
Tranika,0
Jeniwah,0
Micheaux,1
Oday,1
Barbro,0
Martae,1
Zyana,0
Nikita-Lee,0
Orlando,0
Rochelly,0
Daren,0
Raylen,1
Chante,0
Peyton-Marie,0
Amen,0
Sassinia,0
Taylre,0
Aalexus,0
Mahrissa,0
Shanasia,0
Jaynae,0
Akaterine,0
Khail,1
Aalijah,0
Aveesha,0
Ramie,1
Klark,1
Oryst,1
Aureliusz,1
Kahran,1
Sila,0
Birch,1
Reiny,0
Addalyne,0
Glenyce,0
Amissa,0
Noey,1
Lueth,1
Madgie,0
Keming,1
Ciel,1
Harseerat,0
Joannis,1
Benecio,1
Hatcher,1
Michaelthomas,1
Kelene,0
Prabu,1
Keiairra,0
Kebron,1
Caylynn,0
Nashaley,0
Hayzley,0
Estherlene,0
Jadynne,1
Athok,0
Jahmarcus,1
Fu,1
Candi,0
Loretta,1
Vaira-Baiba,0
Meryssa,0
Jermica,0
Roudain,0
Tasha-Lea,0
Narrelle,0
Elon,0
Maxxine,0
Khurshida,0
Durc,1
Cashmere,1
Zoeanna,0
Aaraiz,1
Louna,0
Saveah,0
Nash,1
Traisa,0
Kimoria,0
Amandaleigh,0
Aria-Ann,0
Livvi,0
Chardonnae,0
Freshta,0
Reginna,0
Sabriyyah,0
Brekkin,1
Jonatham,1
Malikah,1
Dasamnoor,0
Adian,1
Shaturughyan,1
Matteo-Michele,1
Xyliah,0
Gaitlin,0
Suleica,0
Haillee,0
Latrenda,0
Xzaivier,1
Zayana,0
Macklen,1
Racheal,1
Aldana,0
Reecie,1
Pinchus,1
Zandria,0
Jaedan,1
Bendt,1
Seledonio,1
Herod,1
Arieonna,0
Haoxuan,1
Kassandre,0
Steppan,1
Purnell,0
Wilmon,1
Paraskos,1
Aralis,0
Margeart,0
Faraji,1
Au,1
Soledad,0
Atit,1
Ralphel,1
Renad,0
Jamilett,0
Arbaaz,1
Rochon,0
Jeyly,0
Terrisa,0
Jassleen,0
Yeimy,0
Ruby-May,0
Alezia,0
Baraka,0
Leyre,0
Ewelina,0
Nason,1
Quindarious,1
Shamel,1
Zigurds,1
Iolana,0
Johnnie,1
Novelyn,0
Smt.Kanta,0
Khriston,1
Saedi,0
Kensyn,1
Sheku,1
Rayel,0
Stracka,0
Dejanira,0
Jamain,1
Sumerlyn,0
Lawson-Casper,1
Jacquesha,0
Oluwaseyi,0
Azyla,0
Margaretanne,0
Taahira,0
Levante,1
Tennisha,0
Kirrin,0
Irfanhoja,1
Paolo-Nino,1
Benjain,1
Paquita-Jane,0
Kymari,0
Sarah-Grace,0
Saqib,1
Marietha,0
Bolon,1
Rafiq,1
Pernell,1
Zbigniew,1
Kahari,0
Mehael,1
Hardie,1
Zaelahny,0
Jacquise,1
Sadeeq,1
Tykiria,0
Hennessey,1
Madison,1
Astra,0
Ladell,0
Nalene,0
Antwyne,1
Gelsomino,1
Elgina,0
Vachel,1
Curtisa,0
Roann,0
Latedra,0
So,0
Lorinza,1
Joseangel,1
Lundynn,0
Sahani,0
Rhyanna,0
Gayelene,0
Emilliana,0
Trejohn,1
Dontaye,1
Nischal,1
Cherin,0
Tynise,0
Bhavleen,0
Toni-Louise,0
Mathu,1
Anesha,0
Abagale,0
Phylecia,0
Majd,1
Dabney,0
Rhemi,1
Makalia,0
Kirsty-Jane,0
Trinidy,1
Manol,1
Myah,0
Kendarion,1
Oronzo,1
Kendarious,1
Jennita,0
Darrias,1
Araf,1
Vantrice,0
Pameal,0
Brijae,0
Jaia,0
Alely,0
Edis,1
Yamilee,0
Yordanny,1
Challen,0
Calliemae,0
Kataleah,0
Hamin,1
Aalaiyah,0
Willmen,1
Florine,1
Aubreauna,0
Josiemarie,0
Drelin,1
Danard,1
Marwan,1
Lacheryl,0
Kairan,1
Destri,1
Jonpaul,1
Gursimaran,1
Tr,1
Ashanty,0
Kylani,0
Gwinda,0
Fernanda,1
Odel,0
Constandino,1
Keyly,0
Lenuccia,0
Barbera,0
Wei-Bo,1
Mackinsey,0
Jakiria,0
Samayiah,0
Taxiarchis,1
Amieleah,0
Tyvan,1
Akhilles,1
Modestina,0
Jebreel,1
Tapio,1
Kanhiya,1
Antero,1
Jafriah,0
Anagabriel,0
Aubray,0
Zakayden,1
Ageleco,0
Articia,0
Elsye,0
Deyli,0
Alainie,0
Avangaline,0
Corneshia,0
Nanhe,1
Dredan,1
Claydon,1
Ondra,0
Adaeze,0
Dexy,0
Razaz,0
Ashlinne,0
Terez,0
Amritpaul,1
Lessia,0
Lureta,0
Samone,0
Nevaeh,1
Arron,1
Miller,1
Jasem,1
Attikus,1
Isom,1
Kamaura,0
Kireina,0
Yunuen,1
Zanteria,0
Lionardo,1
Tashawna,0
Jebidiah,1
Kassan,1
Aubreyella,0
Sharrod,1
Jmiyah,0
Terranisha,0
Aliyas,1
Cortrell,1
Dzieu,0
Jari-Ann,0
Mervyne,0
Vashtie,0
Zaccheaus,1
Clerance,1
Tysheika,0
Rutendo,0
Vaibahv,1
Tsai,1
Yenisel,0
Thijs,1
Eraldo,1
Jarae,0
Sundos,0
Porfirio,1
Rosena,0
Shamariona,0
Dvontae,1
Zanye,0
Oscarjr,1
Tinotenda,0
Infantgirl,0
Littzy,0
Maxtyn,1
Rhyll,0
Derrell,0
Charron,1
Sharay,1
Platinum,1
Theopa,0
Latai,0
Dennell,1
Robret,1
Katharine,0
Stefa,0
Panayiota-Katina,0
Zacori,1
Jaisen,1
Olaya,0
Dawiena,0
Oluwasemilore,0
Bridgette,0
Chinelo,1
Tyji,1
Ayanle,1
Brialle,0
Brinli,0
Kaiyon,1
Annamolly,0
Shawnise,0
Tashiya,0
Qotrunnada,0
Kwuan,1
Emilliano,1
Xahzat,1
Klayden,1
Annatalia,0
Robynn,0
Mahasingh,1
Belo,0
She-Ii,0
Laxmikant,1
Camreon,1
Doroty,0
Eladio,1
Chaely,0
Liav,1
Hitansh,1
Sriniketh,1
Ladarrious,1
Annelis,0
Junayd,1
Hua,1
Johnah,0
Semayah,0
Kenzingtyn,0
Parkh,0
Briarn,0
Makyi,1
Sangeeta,0
Eleasah,0
Peyden,1
Vijva,1
Rissa,0
Marelis,0
Anandi,1
Indygo,0
Tyski,1
Caliel,1
Teodoros,1
Karagen,0
Tyking,1
Nadun,1
Avrion,1
Chardon,0
Fielding,1
Shawnon,0
Xzayvion,1
Irbun,1
Tayahna,0
Kunsh,1
Looney,1
Dakota-Marie,0
Tyrease,1
Junmao,1
Shareen,0
Xintong,0
Dune,1
Adith,1
Damine,1
Juleny,0
Saleste,0
Frehiwot,0
Sarvin,1
Jacir,1
Aubryn,0
Monteia,0
Syl,1
Adnaan,1
Jerrel,1
Katayi,1
Fiadh,0
Linay,0
Marilin,0
Ein,1
Semideo,1
Jaisley,0
Lekethia,0
Hurdis,1
Amandalynn,0
Afnan,0
Gillan,1
Dahn,1
Jazminne,0
Shalima,0
Greory,1
Oceal,0
Ai-Vy,0
Nyidhal,0
Abdelhamid,1
Tshaka,1
Ahsaki,0
Jerrlyn,0
Mladan,1
Darry,1
Niven,1
Asadbek,1
Cortland,1
Demii,0
Haroun,1
Stratford,1
Cammille,0
Aviendha,0
Mayona,0
Kharri,0
Cerone,1
Hashindra,1
Himmit,1
Janee,0
Shane-Anthony,1
Fotina,1
Tjay,1
Pieper,0
Oluwajomiloju,1
Harvest,1
Steinar,1
Jalyna,0
Lyann,0
Chlorene,0
Tawhid,1
Kevian,1
Ralyn,0
Emylee,0
Lathen,1
Bryden-Lee,1
Khalaya,0
Stella,1
Adib,1
Aarick,1
Wyllys,1
Bagga,0
Miquesha,0
Beckum,1
Indyannah,0
Houstyn,1
Morialta,1
Natalyia,0
Doramae,0
Ruggero,1
Detric,0
Thomasene,0
Agrej,1
Baldo,1
Demariae,1
Augustus,1
Pax,1
Kolsyn,0
Tara-Rose,0
Panchi,1
Dalyn,0
Mannie,0
Prabhansh,1
Til,1
Tolofi,0
Sabe,1
Temarcus,1
Aree,1
Kiyono,0
Shefik,1
Jacquelyne,0
Roy-Milad,1
Wise,1
Minh,1
Paras,0
Tacari,1
Joss,1
Zaharoula,0
Khaydn,1
Thaleia,0
Torquil,1
Adaria,0
Green,1
Asjah,0
Jadeyn,0
Aarron,1
Artis,1
Jeffer,1
Dresean,1
Peterson,1
Nijat,1
Tabor,0
Nour-Al-Huda,0
Aajad,1
Kouri,0
Rexina,0
Jhia,1
Sterlin,1
Everstan,1
Mik,1
Zerlene,0
Sharina,0
Lynkin,0
Tyreesha,0
Dwyer,1
Daejohn,1
Jamari-Inapo,1
Eura,0
Bisher,1
Khalief,1
Shaddia,0
Tarrell,0
Bassem,1
Beta,0
Shamarra,0
Banyan,1
Kastin,1
Bev,0
Zenanie,0
Jeisy,0
Ahreanna,0
Dayza,0
Tanyia,0
Cedrica,0
Tannous,1
Yasirah,0
Jj,1
Rezan,0
Flona,0
Ryann,1
Arona,1
Hayvn,0
Illeanna,0
Lucasia,0
Vydia,0
Elizabelle,0
Lavar,1
Bartelomeus,1
Sophearandy,0
Catalyna,0
Anjelyna,0
Xenios,1
Beaux,1
Mun-Ho,1
Tahlisha,0
Taihen,1
Katiemae,0
Gabrieal,1
Lector,0
Cosby,1
Rishae,0
Saiyuri,0
Avynn,1
Balreet,0
Kaire,0
Asoni,0
Ahmare,1
Larez,1
Luxe,1
Thanh-Nhu,1
Frenki,1
Laronica,0
Jahyden,1
Torriyah,0
Tanicha,0
Rina-Maria,0
Elverio,1
Ariv,1
Dolorese,0
Soren,1
Demosthenes,1
Koan,1
Rossana,0
Fazal,1
Milliard,1
Elayla,0
Salvatore,1
Tymire,1
Mahealani,0
Kexun,1
Peri,1
Mowgli,1
Dhuoljok,1
Mehdia,0
Eril,0
Prabhjeet,1
Geatano,1
Kingelijah,1
Zaine,0
Jiorjia,0
Quamar,1
Quesha,0
Eletia,0
Zackariah,1
Artem,1
Amarni,0
Jit,1
Abba,1
Todeusz,1
Carena,0
Magno,1
Annzley,0
Lennard,1
Andreaz,1
Jayko,1
Rennu,0
Kecia,0
Elline,0
Vaid,1
Ainslea,0
Sharlia,0
Thorson,1
Swanie,0
Minas,1
Jalisse,0
Nayvi,0
Erion,1
Saimi,0
Vo-Anh,1
Wesner,1
Birdine,0
Agnel,0
Ozay,1
Kanzys,0
Zackarryn,1
Meredyth,0
Lalu,1
Windy,1
Elbrix,1
Ravee,1
Dravyn,1
Dannial,0
Zymaire,1
Dashaya,0
Sherylea,0
Daejuan,1
Brayshawn,1
Mosha,0
Lorainne,1
Benardo,1
Ieisha,0
Marshea,0
Packer,1
Calyb,1
Jarritt,1
Adraine,1
Artice,1
Keierra,0
Taitusi,1
Zakai,0
Ruwan,1
Akashiya,0
Dorean,0
Isamarie,0
Myler,1
Tolkin,1
Noraiz,1
Penni,0
Tayzer,1
Sarmite,0
Patricia-Lea,1
Ryonen,0
Rangitopeora,0
Allesandra,0
Cleoni,0
Avalynne,0
Jamyson,1
Rohaan,1
Papa,1
Ayedin,1
Minhaaj,1
Bethzi,0
Nathian,1
Gwynda,0
Zarhli,0
Mian,1
Sade,0
